
-- ============================================================
--    creation des donnees
-- ============================================================

-- JEUX
insert into JEUX values ( 'Gloomhaven','Soren Yang','2017-5-8',120,'PLATFORM',4,1 );
insert into JEUX values ( 'Pandemic Legacy  1','Stacy Hail','2015-9-6',60,'PUZZLE',4,0 );
insert into JEUX values ( 'Brass Birmingham','Justin Parkes','2018-11-19',120,'COOPERATION',4,0 );
insert into JEUX values ( 'Brass','Justin Parkes','2018-11-19',120,'COOPERATION',4,0 );
insert into JEUX values ( 'Terraforming Mars','Theodore Newton','2016-11-14',120,'PUZZLE',5,1 );
insert into JEUX values ( 'Twilight Imperium Fourth Edition','June Avila','2017-6-5',480,'ARCADE',6,0 );
insert into JEUX values ( 'Twilight Imperium','June Avila','2017-6-5',480,'ARCADE',6,0 );
insert into JEUX values ( 'Gloomhaven Jaws of the Lion','Zander Calderon','2020-6-10',120,'PLATFORM',4,0 );
insert into JEUX values ( 'Through the Ages','Marshall Bowers','2015-7-15',120,'ARCADE',4,0 );
insert into JEUX values ( 'Through the Ages A New Story of Civilization','Marshall Bowers','2015-7-15',120,'ARCADE',4,0 );
insert into JEUX values ( 'Gaia Project','Terrence Hope','2017-2-25',150,'SURVIVAL',4,1 );
insert into JEUX values ( 'Star Wars Rebellion','Yasmine Humphreys','2016-9-7',240,'PLATFORM',4,0 );
insert into JEUX values ( 'Star Wars','Yasmine Humphreys','2016-9-7',240,'PLATFORM',4,0 );
insert into JEUX values ( 'Twilight Struggle','Maryam Melia','2005-3-19',180,'STRATEGY',2,1 );
insert into JEUX values ( 'Great Western Trail','Elen Brennan','2016-12-16',150,'SURVIVAL',4,1 );
insert into JEUX values ( 'War of the Ring Second Edition','Enid Oakley','2012-12-6',180,'ARCADE',4,0 );
insert into JEUX values ( 'War of the Ring','Enid Oakley','2012-12-6',180,'ARCADE',4,0 );
insert into JEUX values ( 'Spirit Island','Ariyah Forster','2017-2-3',120,'CARD',4,1 );
insert into JEUX values ( 'Scythe','Sheila Munro','2016-6-13',115,'SURVIVAL',5,1 );
insert into JEUX values ( 'The Castles of Burgundy','Jaimee Greaves','2011-5-17',90,'SURVIVAL',4,1 );
insert into JEUX values ( 'Terra Mystica','Emmanuel Harmon','2012-2-12',150,'PLATFORM',5,1 );
insert into JEUX values ( '7 Wonders Duel','Aditi Alexander','2015-12-21',30,'COMPETITIVE',2,1 );
insert into JEUX values ( 'Concordia','Mai Nicholson','2013-1-23',100,'ACTION',5,1 );
insert into JEUX values ( 'Brass Lancashire','Timur Reese','2007-6-23',120,'PLATFORM',4,0 );
insert into JEUX values ( 'Wingspan','Jacob Philip','2019-4-25',70,'CARD',5,1 );
insert into JEUX values ( 'A Feast for Odin','Mysha Boyer','2016-1-18',120,'PUZZLE',4,1 );
insert into JEUX values ( 'Arkham Horror The Card Game','Dion Leech','2016-4-10',120,'RPG',2,0 );
insert into JEUX values ( 'Arkham Horror','Dion Leech','2016-4-10',120,'RPG',2,0 );
insert into JEUX values ( 'Viticulture Essential Edition','Donnell Browne','2015-5-12',90,'ARCADE',6,1 );
insert into JEUX values ( 'Nemesis','Emelia Strong','2018-2-11',180,'PUZZLE',5,1 );
insert into JEUX values ( 'Orléans','Mercy Miranda','2014-2-23',90,'CARD',4,1 );
insert into JEUX values ( 'Mage Knight Board Game','Kloe Peterson','2011-11-22',240,'ACTION',4,1 );
insert into JEUX values ( 'Root','Farrah Byers','2018-8-13',90,'SURVIVAL',4,1 );
insert into JEUX values ( 'Puerto Rico','Abdul Lucero','2002-9-10',150,'COMPETITIVE',5,1 );
insert into JEUX values ( 'Food Chain Magnate','Ronaldo Cope','2015-6-1',240,'SURVIVAL',5,1 );
insert into JEUX values ( 'Caverna The Cave Farmers','Kaitlyn Acosta','2013-6-23',210,'PUZZLE',7,0 );
insert into JEUX values ( 'Caverna','Kaitlyn Acosta','2013-6-23',210,'PUZZLE',7,0 );
insert into JEUX values ( 'Agricola','Kayleigh Barrett','2007-4-9',150,'ACTION',5,1 );
insert into JEUX values ( 'Blood Rage','Ethan Noble','2015-1-3',90,'CARD',4,1 );
insert into JEUX values ( 'Mansions of Madness Second Edition','Maiya Medina','2016-2-19',180,'COMPETITIVE',5,0 );
insert into JEUX values ( 'Mansions of Madness','Maiya Medina','2016-2-19',180,'COMPETITIVE',5,0 );
insert into JEUX values ( 'The 7th Continent','Matt Curry','2017-10-24',1000,'RPG',4,1 );
insert into JEUX values ( 'Pandemic Legacy  2','Skye Whittaker','2017-5-13',60,'COOPERATION',4,0 );
insert into JEUX values ( 'Pandemic Legacy','Skye Whittaker','2017-5-13',60,'COOPERATION',4,0 );
insert into JEUX values ( 'Everdell','Levison Mann','2018-7-25',80,'COMPETITIVE',4,1 );
insert into JEUX values ( 'Maracaibo','Gracie-Mae Juarez','2019-10-18',120,'CARD',4,1 );
insert into JEUX values ( 'Kingdom Death Monster','Lacie-Mae Allen','2015-10-6',180,'COOPERATION',4,0 );
insert into JEUX values ( 'Kingdom Death','Lacie-Mae Allen','2015-10-6',180,'COOPERATION',4,0 );
insert into JEUX values ( 'Power Grid','Ursula Fox','2004-4-6',120,'RPG',6,1 );
insert into JEUX values ( 'Tzolk The Mayan Calendar','Isis Gaines','2012-11-25',90,'RPG',4,0 );
insert into JEUX values ( 'Tzolk','Isis Gaines','2012-12-25',90,'RPG',4,0 );
insert into JEUX values ( 'The Crew The Quest for Planet Nine','Eilish Mclellan','2019-2-23',20,'ACTION',5,0 );
insert into JEUX values ( 'The Crew','Eilish Mclellan','2019-5-30',20,'ACTION',5,0 );
insert into JEUX values ( 'Mechs vs. Minions','Sally Silva','2016-12-26',120,'SURVIVAL',4,1 );
insert into JEUX values ( 'Underwater Cities','Nour Humphries','2018-3-23',150,'ARCADE',4,1 );
insert into JEUX values ( 'Star Wars Imperial Assault','Amos Mccullough','2014-1-13',120,'ACTION',5,0 );
insert into JEUX values ( 'Clans of Caledonia','Zain Mcdaniel','2017-10-25',120,'PLATFORM',4,1 );
insert into JEUX values ( 'Anachrony','Fiona Sweeney','2017-7-13',120,'ACTION',4,1 );
insert into JEUX values ( 'Le Havre','Maci Woodward','2008-7-10',150,'ACTION',5,1 );
insert into JEUX values ( 'Too Many Bones','Kathryn Reyna','2017-5-18',120,'SURVIVAL',4,1 );
insert into JEUX values ( 'Through the Ages A Story of Civilization','Marlene Beech','2006-3-18',120,'ACTION',4,0 );
insert into JEUX values ( 'Azul','Marlene','2012-5-28',120,'SURVIVAL',2,0 );

-- ============================================================
--    creation des donnees
-- ============================================================

-- JOUEURS
insert into JOUEURS values ( '1james', 'H', 'james', 'h1@gmail.com') ;
insert into JOUEURS values ( '2john', 'JOHNSON', 'john', 'johnson2@gmail.com') ;
insert into JOUEURS values ( '3robert', 'WILLIAMS', 'robert', 'williams3@gmail.com') ;
insert into JOUEURS values ( '4michael', 'JONES', 'michael', 'jones4@gmail.com') ;
insert into JOUEURS values ( '5william', 'BROWN', 'william', 'brown5@gmail.com') ;
insert into JOUEURS values ( '6david', 'DAVIS', 'david', 'davis6@gmail.com') ;
insert into JOUEURS values ( '7richard', 'MILLER', 'richard', 'miller7@gmail.com') ;
insert into JOUEURS values ( '8charles', 'WILSON', 'charles', 'wilson8@gmail.com') ;
insert into JOUEURS values ( '9joseph', 'MOORE', 'joseph', 'moore9@gmail.com') ;
insert into JOUEURS values ( '10thomas', 'TAYLOR', 'thomas', 'taylor10@gmail.com') ;
insert into JOUEURS values ( '11christopher', 'ANDERSON', 'christopher', 'anderson11@gmail.com') ;
insert into JOUEURS values ( '12daniel', 'THOMAS', 'daniel', 'thomas12@gmail.com') ;
insert into JOUEURS values ( '13paul', 'JACKSON', 'paul', 'jackson13@gmail.com') ;
insert into JOUEURS values ( '14mark', 'WHITE', 'mark', 'white14@gmail.com') ;
insert into JOUEURS values ( '15donald', 'HARRIS', 'donald', 'harris15@gmail.com') ;
insert into JOUEURS values ( '16george', 'MARTIN', 'george', 'martin16@gmail.com') ;
insert into JOUEURS values ( '17kenneth', 'THOMPSON', 'kenneth', 'thompson17@gmail.com') ;
insert into JOUEURS values ( '18steven', 'GARCIA', 'steven', 'garcia18@gmail.com') ;
insert into JOUEURS values ( '19edward', 'MARTINEZ', 'edward', 'martinez19@gmail.com') ;
insert into JOUEURS values ( '20brian', 'ROBINSON', 'brian', 'robinson20@gmail.com') ;
insert into JOUEURS values ( '21ronald', 'CLARK', 'ronald', 'clark21@gmail.com') ;
insert into JOUEURS values ( '22anthony', 'RODRIGUEZ', 'anthony', 'rodriguez22@gmail.com') ;
insert into JOUEURS values ( '23kevin', 'LEWIS', 'kevin', 'lewis23@gmail.com') ;
insert into JOUEURS values ( '24jason', 'LEE', 'jason', 'lee24@gmail.com') ;
insert into JOUEURS values ( '25matthew', 'WALKER', 'matthew', 'walker25@gmail.com') ;
insert into JOUEURS values ( '26gary', 'HALL', 'gary', 'hall26@gmail.com') ;
insert into JOUEURS values ( '27timothy', 'ALLEN', 'timothy', 'allen27@gmail.com') ;
insert into JOUEURS values ( '28jose', 'YOUNG', 'jose', 'young28@gmail.com') ;
insert into JOUEURS values ( '29larry', 'HERNANDEZ', 'larry', 'hernandez29@gmail.com') ;
insert into JOUEURS values ( '30jeffrey', 'KING', 'jeffrey', 'king30@gmail.com') ;
insert into JOUEURS values ( '31frank', 'WRIGHT', 'frank', 'wright31@gmail.com') ;
insert into JOUEURS values ( '32scott', 'LOPEZ', 'scott', 'lopez32@gmail.com') ;
insert into JOUEURS values ( '33eric', 'HILL', 'eric', 'hill33@gmail.com') ;
insert into JOUEURS values ( '34stephen', 'SCOTT', 'stephen', 'scott34@gmail.com') ;
insert into JOUEURS values ( '35andrew', 'GREEN', 'andrew', 'green35@gmail.com') ;
insert into JOUEURS values ( '36raymond', 'ADAMS', 'raymond', 'adams36@gmail.com') ;
insert into JOUEURS values ( '37gregory', 'BAKER', 'gregory', 'baker37@gmail.com') ;
insert into JOUEURS values ( '38joshua', 'GONZALEZ', 'joshua', 'gonzalez38@gmail.com') ;
insert into JOUEURS values ( '39jerry', 'NELSON', 'jerry', 'nelson39@gmail.com') ;
insert into JOUEURS values ( '40dennis', 'CARTER', 'dennis', 'carter40@gmail.com') ;
insert into JOUEURS values ( '41walter', 'MITCHELL', 'walter', 'mitchell41@gmail.com') ;
insert into JOUEURS values ( '42patrick', 'PEREZ', 'patrick', 'perez42@gmail.com') ;
insert into JOUEURS values ( '43peter', 'ROBERTS', 'peter', 'roberts43@gmail.com') ;
insert into JOUEURS values ( '44harold', 'TURNER', 'harold', 'turner44@gmail.com') ;
insert into JOUEURS values ( '45douglas', 'PHILLIPS', 'douglas', 'phillips45@gmail.com') ;
insert into JOUEURS values ( '46henry', 'CAMPBELL', 'henry', 'campbell46@gmail.com') ;
insert into JOUEURS values ( '47carl', 'PARKER', 'carl', 'parker47@gmail.com') ;
insert into JOUEURS values ( '48arthur', 'EVANS', 'arthur', 'evans48@gmail.com') ;
insert into JOUEURS values ( '49ryan', 'EDWARDS', 'ryan', 'edwards49@gmail.com') ;
insert into JOUEURS values ( '50roger', 'COLLINS', 'roger', 'collins50@gmail.com') ;

-- ============================================================
--    creation des donnees
-- ============================================================

-- NOTES
insert into NOTES values ( 0, 'Actions speak louder than words.', '2019-2-7', 18, 8, 'Tzolk The Mayan Calendar', '11christopher') ;
insert into NOTES values ( 1, 'It is time to watch TV.', '2002-6-11', 8, 10, 'Gloomhaven', '33eric') ;
insert into NOTES values ( 2, 'I do not like rain.', '2000-11-15', 20, 12, 'Pandemic Legacy  1', '5william') ;
insert into NOTES values ( 3, 'Donuts with cream are nasty.', '2015-12-7', 8, 3, 'Brass Birmingham', '46henry') ;
insert into NOTES values ( 4, 'I told Tom I would try to find a bigger vase.', '2019-9-19', 10, 6, 'Terraforming Mars', '34stephen') ;
insert into NOTES values ( 5, 'He is the person to see.', '2002-8-16', 7, 10, 'Twilight Imperium Fourth Edition', '7richard') ;
insert into NOTES values ( 6, 'She attended kindergarten in 2013.', '2017-4-10', 2, 25, 'Gloomhaven Jaws of the Lion', '26gary') ;
insert into NOTES values ( 7, 'We took refuge behind a tree.', '2010-4-15', 8, 24, 'Through the Ages A New Story of Civilization', '41walter') ;
insert into NOTES values ( 8, 'I made some eggs.', '2007-10-15', 3, 1, 'Gaia Project', '8charles') ;
insert into NOTES values ( 9, 'The broken leg is not Tom is biggest problem.', '2002-6-2', 19, 19, 'Star Wars Rebellion', '36raymond') ;
insert into NOTES values ( 10, 'Those apples are very red.', '2017-12-11', 16, 5, 'Twilight Struggle', '16george') ;
insert into NOTES values ( 11, 'Taking chances can be risky.', '2010-10-21', 11, 11, 'Great Western Trail', '23kevin') ;
insert into NOTES values ( 12, 'I do love my new pets.', '2001-7-9', 3, 21, 'War of the Ring Second Edition', '35andrew') ;
insert into NOTES values ( 13, 'everything is so expensive.', '2005-2-8', 20, 5, 'Spirit Island', '38joshua') ;
insert into NOTES values ( 14, 'The giant worm terrified him.', '2013-11-8', 5, 22, 'Scythe', '1james') ;
insert into NOTES values ( 15, 'Tom has always had a big crush on you.', '2015-2-11', 11, 10, 'The Castles of Burgundy', '14mark') ;
insert into NOTES values ( 16, 'I am one of his fiercest critics.', '2001-8-20', 2, 3, 'Terra Mystica', '20brian') ;
insert into NOTES values ( 17, 'I do not think I liked the movie.', '2005-1-12', 2, 21, '7 Wonders Duel', '49ryan') ;
insert into NOTES values ( 18, 'Hairless cats look demonic.', '2022-7-20', 5, 9, 'Concordia', '9joseph') ;
insert into NOTES values ( 19, 'These sunglasses are too shiny.', '2002-8-17', 4, 26, 'Brass Lancashire', '48arthur') ;
insert into NOTES values ( 20, 'I am dreaming of a better world.', '2006-7-19', 5, 19, 'Wingspan', '27timothy') ;
insert into NOTES values ( 21, 'Italians eat a large meal twice a day.', '2013-4-5', 3, 22, 'A Feast for Odin', '32scott') ;
insert into NOTES values ( 22, 'Plenty of sleep is healthful.', '2020-6-13', 5, 20, 'Arkham Horror The Card Game', '13paul') ;
insert into NOTES values ( 23, 'These dogs are so sweet.', '2012-10-15', 18, 12, 'Viticulture Essential Edition', '19edward') ;
insert into NOTES values ( 24, 'This should not be a big deal.', '2004-1-8', 10, 21, 'Nemesis', '17kenneth') ;
insert into NOTES values ( 25, 'I want to plug my ears.', '2006-1-8', 19, 7, 'Root', '30jeffrey') ;
insert into NOTES values ( 26, 'I want to have a pink bed this year.', '2020-5-11', 12, 30, 'Mage Knight Board Game', '37gregory') ;
insert into NOTES values ( 27, 'I think I should shoot him.', '2007-8-17', 17, 16, 'Root', '25matthew') ;
insert into NOTES values ( 28, 'The planet had not yet been discovered.', '2018-1-21', 8, 23, 'Puerto Rico', '22anthony') ;
insert into NOTES values ( 29, 'A yardstick is 3 feet long.', '2016-8-4', 5, 11, 'Food Chain Magnate', '3robert') ;
insert into NOTES values ( 30, 'The earth goes round the sun.', '2001-7-16', 14, 28, 'Caverna The Cave Farmers', '6david') ;
insert into NOTES values ( 31, 'Bad news travels fast.', '2009-2-1', 9, 20, 'Agricola', '24jason') ;
insert into NOTES values ( 32, 'I will see you tonight at eight.', '2007-8-8', 17, 1, 'Blood Rage', '47carl') ;
insert into NOTES values ( 33, 'I like asparagus and brussel sprouts.', '2020-4-18', 3, 15, 'Mansions of Madness Second Edition', '44harold') ;
insert into NOTES values ( 34, 'He is whistling at the car.', '2020-8-21', 4, 10, 'The 7th Continent', '39jerry') ;
insert into NOTES values ( 35, 'There are so many sandwiches on the table.', '2013-12-10', 2, 11, 'Pandemic Legacy  2', '31frank') ;
insert into NOTES values ( 36, 'She wished she could speak Italian.', '2016-1-1', 17, 26, 'Everdell', '2john') ;
insert into NOTES values ( 37, 'I am having his baby.', '2004-2-6', 5, 17, 'Maracaibo', '18steven') ;
insert into NOTES values ( 38, 'When I was young, I played the guitar.', '2008-9-16', 5, 5, 'Kingdom Death Monster', '10thomas') ;
insert into NOTES values ( 39, 'She had never appreciated radio news shows.', '2015-3-15', 14, 27, 'Power Grid', '50roger') ;
insert into NOTES values ( 40, 'Actions speak louder than words.', '2019-2-7', 18, 8, 'Tzolk The Mayan Calendar', '11christopher') ;
insert into NOTES values ( 41, 'He was trained to do this.', '2017-12-3', 3, 10, 'The Crew The Quest for Planet Nine', '15donald') ;
insert into NOTES values ( 42, 'He opens the door.', '2018-11-3', 13, 16, 'Mechs vs. Minions', '40dennis') ;
insert into NOTES values ( 43, 'You can bring it back if you do not like it.', '2015-2-21', 15, 10, 'Underwater Cities', '4michael') ;
insert into NOTES values ( 44, 'Tom is really tall.', '2001-9-19', 8, 22, 'Star Wars Imperial Assault', '43peter') ;
insert into NOTES values ( 45, 'he is easily offended.', '2000-1-13', 6, 16, 'Clans of Caledonia', '28jose') ;
insert into NOTES values ( 46, 'He drives more carefully than you do.', '2014-7-15', 19, 5, 'Anachrony', '42patrick') ;
insert into NOTES values ( 47, 'Welcome to the big leagues.', '2011-4-12', 2, 11, 'Le Havre', '12daniel') ;
insert into NOTES values ( 48, 'He said the telegram had arrived at noon.', '2002-10-14', 17, 13, 'Too Many Bones', '21ronald') ;
insert into NOTES values ( 49, 'Rosa likes tea better than coffee.', '2004-8-3', 19, 5, 'Through the Ages A Story of Civilization', '29larry') ;
insert into NOTES values ( 50, 'There are so many sandwiches on the table.', '2013-12-10', 2, 11, 'Pandemic Legacy  2', '31frank') ;
insert into NOTES values ( 51, 'It is time to watch TV.', '2002-6-11', 8, 10, 'Gloomhaven', '33eric') ;
insert into NOTES values ( 52, 'I do not like rain.', '2000-11-15', 20, 12, 'Pandemic Legacy  1', '5william') ;
insert into NOTES values ( 53, 'Donuts with cream are nasty.', '2015-12-7', 8, 3, 'Brass Birmingham', '46henry') ;
insert into NOTES values ( 54, 'I told Tom I would try to find a bigger vase.', '2019-9-19', 10, 6, 'Terraforming Mars', '34stephen') ;
insert into NOTES values ( 55, 'He is the person to see.', '2002-8-16', 7, 10, 'Twilight Imperium Fourth Edition', '7richard') ;
insert into NOTES values ( 56, 'She attended kindergarten in 2013.', '2017-4-10', 2, 25, 'Gloomhaven Jaws of the Lion', '26gary') ;
insert into NOTES values ( 57, 'We took refuge behind a tree.', '2010-4-15', 8, 24, 'Through the Ages A New Story of Civilization', '41walter') ;
insert into NOTES values ( 58, 'I made some eggs.', '2007-10-15', 3, 1, 'Gaia Project', '8charles') ;
insert into NOTES values ( 59, 'The broken leg is not Tom is biggest problem.', '2002-6-2', 19, 19, 'Star Wars Rebellion', '36raymond') ;
insert into NOTES values ( 60, 'Those apples are very red.', '2017-12-11', 16, 5, 'Twilight Struggle', '16george') ;
insert into NOTES values ( 61, 'Taking chances can be risky.', '2010-10-21', 11, 11, 'Great Western Trail', '23kevin') ;
insert into NOTES values ( 62, 'I do love my new pets.', '2001-7-9', 11, 21, 'War of the Ring Second Edition', '35andrew') ;
insert into NOTES values ( 63, 'everything is so expensive.', '2005-2-8', 20, 5, 'Spirit Island', '38joshua') ;
insert into NOTES values ( 64, 'The giant worm terrified him.', '2013-11-8', 5, 22, 'Scythe', '1james') ;
insert into NOTES values ( 65, 'Tom has always had a big crush on you.', '2015-2-11', 11, 10, 'The Castles of Burgundy', '14mark') ;
insert into NOTES values ( 66, 'I am one of his fiercest critics.', '2001-8-20', 2, 3, 'Terra Mystica', '20brian') ;
insert into NOTES values ( 67, 'I do not think I liked the movie.', '2005-1-12', 2, 21, '7 Wonders Duel', '49ryan') ;
insert into NOTES values ( 68, 'Hairless cats look demonic.', '2022-7-20', 1, 9, 'Concordia', '9joseph') ;
insert into NOTES values ( 69, 'These sunglasses are too shiny.', '2002-8-17', 4, 26, 'Brass Lancashire', '48arthur') ;
insert into NOTES values ( 70, 'I am dreaming of a better world.', '2006-7-19', 5, 19, 'Wingspan', '27timothy') ;
insert into NOTES values ( 71, 'Italians eat a large meal twice a day.', '2013-4-5', 3, 22, 'A Feast for Odin', '32scott') ;
insert into NOTES values ( 72, 'Plenty of sleep is healthful.', '2020-6-13', 5, 20, 'Arkham Horror The Card Game', '13paul') ;
insert into NOTES values ( 73, 'These dogs are so sweet.', '2012-10-15', 19, 12, 'Viticulture Essential Edition', '19edward') ;
insert into NOTES values ( 74, 'This should not be a big deal.', '2004-1-8', 10, 21, 'Nemesis', '17kenneth') ;
insert into NOTES values ( 75, 'I want to plug my ears.', '2006-1-8', 19, 7, 'Root', '30jeffrey') ;
insert into NOTES values ( 76, 'I want to have a pink bed this year.', '2020-5-11', 12, 30, 'Mage Knight Board Game', '37gregory') ;
insert into NOTES values ( 77, 'I think I should shoot him.', '2007-8-17', 17, 16, 'Root', '25matthew') ;
insert into NOTES values ( 78, 'The planet had not yet been discovered.', '2018-1-21', 8, 23, 'Puerto Rico', '22anthony') ;
insert into NOTES values ( 79, 'A yardstick is 3 feet long.', '2016-8-4', 5, 11, 'Food Chain Magnate', '3robert') ;
insert into NOTES values ( 80, 'The earth goes round the sun.', '2001-7-16', 14, 28, 'Caverna The Cave Farmers', '6david') ;
insert into NOTES values ( 81, 'Bad news travels fast.', '2009-2-1', 8, 20, 'Agricola', '24jason') ;
insert into NOTES values ( 82, 'I will see you tonight at eight.', '2007-8-8', 17, 1, 'Blood Rage', '47carl') ;
insert into NOTES values ( 83, 'I like asparagus and brussel sprouts.', '2020-4-18', 3, 15, 'Mansions of Madness Second Edition', '44harold') ;
insert into NOTES values ( 84, 'He is whistling at the car.', '2020-8-21', 4, 10, 'The 7th Continent', '39jerry') ;
insert into NOTES values ( 85, 'There are so many sandwiches on the table.', '2013-12-10', 2, 11, 'Pandemic Legacy  2', '31frank') ;
insert into NOTES values ( 86, 'She wished she could speak Italian.', '2016-1-1', 17, 26, 'Everdell', '2john') ;
insert into NOTES values ( 87, 'I am having his baby.', '2004-2-6', 5, 17, 'Maracaibo', '18steven') ;
insert into NOTES values ( 88, 'When I was young, I played the guitar.', '2008-9-16', 5, 5, 'Kingdom Death Monster', '10thomas') ;
insert into NOTES values ( 89, 'She had never appreciated radio news shows.', '2015-3-15', 14, 27, 'Power Grid', '50roger') ;
insert into NOTES values ( 90, 'Actions speak louder than words.', '2019-2-7', 18, 8, 'Tzolk The Mayan Calendar', '11christopher') ;
insert into NOTES values ( 91, 'He was trained to do this.', '2017-12-3', 3, 10, 'The Crew The Quest for Planet Nine', '15donald') ;
insert into NOTES values ( 92, 'He opens the door.', '2018-11-3', 13, 16, 'Mechs vs. Minions', '40dennis') ;
insert into NOTES values ( 93, 'You can bring it back if you do not like it.', '2015-2-21', 15, 10, 'Underwater Cities', '4michael') ;
insert into NOTES values ( 94, 'Tom is really tall.', '2001-9-19', 8, 22, 'Star Wars Imperial Assault', '43peter') ;
insert into NOTES values ( 95, 'he is easily offended.', '2000-1-13', 6, 16, 'Clans of Caledonia', '28jose') ;
insert into NOTES values ( 96, 'He drives more carefully than you do.', '2014-7-15', 19, 5, 'Anachrony', '42patrick') ;
insert into NOTES values ( 97, 'Welcome to the big leagues.', '2011-4-12', 2, 11, 'Le Havre', '12daniel') ;
insert into NOTES values ( 98, 'He said the telegram had arrived at noon.', '2002-10-14', 17, 13, 'Too Many Bones', '21ronald') ;
insert into NOTES values ( 99, 'Rosa likes tea better than coffee.', '2004-8-3', 19, 5, 'Through the Ages A Story of Civilization', '29larry') ;

-- ============================================================
--    creation des donnees
-- ============================================================

-- THEME
insert into THEMES values ( 'Abstrait' ) ;
insert into THEMES values ( 'Antiquité' ) ;
insert into THEMES values ( 'Aventure' ) ;
insert into THEMES values ( 'Connaissances' ) ;
insert into THEMES values ( 'Construction' ) ;
insert into THEMES values ( 'Enfant' ) ;
insert into THEMES values ( 'Enquete' ) ;
insert into THEMES values ( 'Espace' ) ;
insert into THEMES values ( 'Fantastique' ) ;
insert into THEMES values ( 'Histoire' ) ;
insert into THEMES values ( 'Mathematiques' ) ;
insert into THEMES values ( 'Merveilleux' ) ;
insert into THEMES values ( 'Mytholoie' ) ;
insert into THEMES values ( 'Survie' ) ;

-- ============================================================
--    creation des donnees
-- ============================================================

-- MECANISMES

insert into MECANIQUES values ( 'Bluff' ) ;
insert into MECANIQUES values ( 'Course' ) ;
insert into MECANIQUES values ( 'Connection' ) ;
insert into MECANIQUES values ( 'Combinaison' ) ;
insert into MECANIQUES values ( 'Enigmes' ) ;
insert into MECANIQUES values ( 'Pari' ) ;
insert into MECANIQUES values ( 'Déduction' ) ;
insert into MECANIQUES values ( 'Majorité' ) ;
insert into MECANIQUES values ( 'Deck-building' ) ;
insert into MECANIQUES values ( 'Draft' ) ;
insert into MECANIQUES values ( 'Guess' ) ;
insert into MECANIQUES values ( 'Enchères' ) ;


-- ============================================================
--    creation des donnees
-- ============================================================

-- CONTRIBUTEURS
insert into CONTRIBUTEURS values ( 1, 'Doris', 'Reynolds' );
insert into CONTRIBUTEURS values ( 2, 'Cian', 'Greenaway' );
insert into CONTRIBUTEURS values ( 3, 'Asiya', 'Searle' );  
insert into CONTRIBUTEURS values ( 4, 'Efa', 'Clifford' );  
insert into CONTRIBUTEURS values ( 5, 'Tyler', 'Zamora' );  
insert into CONTRIBUTEURS values ( 6, 'Myles', 'Vasquez' ); 
insert into CONTRIBUTEURS values ( 7, 'Larry', 'Paul' );
insert into CONTRIBUTEURS values ( 8, 'Teegan', 'Samuels' );
insert into CONTRIBUTEURS values ( 9, 'Robson', 'Betts' );
insert into CONTRIBUTEURS values ( 10, 'Daanyaal', 'Amos' );
insert into CONTRIBUTEURS values ( 11, 'Manha', 'Morales' );
insert into CONTRIBUTEURS values ( 12, 'Steven', 'Cassidy' );
insert into CONTRIBUTEURS values ( 13, 'Aryaan', 'Maldonado' );
insert into CONTRIBUTEURS values ( 14, 'Sophia', 'Rich' );
insert into CONTRIBUTEURS values ( 15, 'Jovan', 'Croft' );
insert into CONTRIBUTEURS values ( 16, 'Liberty', 'Snow' );
insert into CONTRIBUTEURS values ( 17, 'Carlton', 'Berry' );
insert into CONTRIBUTEURS values ( 18, 'Fay', 'Guest' );
insert into CONTRIBUTEURS values ( 19, 'Jaydan', 'Kendall' );
insert into CONTRIBUTEURS values ( 20, 'Leandro', 'Weeks' );
insert into CONTRIBUTEURS values ( 21, 'Charlene', 'Boyce' );
insert into CONTRIBUTEURS values ( 22, 'Lorelei', 'Bolton' );
insert into CONTRIBUTEURS values ( 23, 'Shakira', 'Chang' );
insert into CONTRIBUTEURS values ( 24, 'Idrees', 'Delaney' );
insert into CONTRIBUTEURS values ( 25, 'Andreas', 'Bush' );
insert into CONTRIBUTEURS values ( 26, 'Elicia', 'Acosta' );
insert into CONTRIBUTEURS values ( 27, 'Lemar', 'Sims' );
insert into CONTRIBUTEURS values ( 28, 'Gino', 'Hogan' );
insert into CONTRIBUTEURS values ( 29, 'Aras', 'Ventura' );
insert into CONTRIBUTEURS values ( 30, 'Zofia', 'Wheatley' );
insert into CONTRIBUTEURS values ( 31, 'Emmeline', 'Irvine' );
insert into CONTRIBUTEURS values ( 32, 'Kristofer', 'Atkinson' );
insert into CONTRIBUTEURS values ( 33, 'Harriette', 'Jimenez' );
insert into CONTRIBUTEURS values ( 34, 'Felicia', 'Peck' );
insert into CONTRIBUTEURS values ( 35, 'Nada', 'Banks' );
insert into CONTRIBUTEURS values ( 36, 'Mehak', 'Winters' );
insert into CONTRIBUTEURS values ( 37, 'Riccardo', 'Mcintosh' );
insert into CONTRIBUTEURS values ( 38, 'T-Jay', 'Bouvet' );
insert into CONTRIBUTEURS values ( 39, 'Caelan', 'Hansen' );
insert into CONTRIBUTEURS values ( 40, 'Clayton', 'Alford' );
insert into CONTRIBUTEURS values ( 41, 'Rees', 'Powers' );
insert into CONTRIBUTEURS values ( 42, 'Sonya', 'Lozano' );
insert into CONTRIBUTEURS values ( 43, 'Jaxson', 'Gay' );
insert into CONTRIBUTEURS values ( 44, 'Jaimee', 'Sharp' );
insert into CONTRIBUTEURS values ( 45, 'Lucy', 'Green' );
insert into CONTRIBUTEURS values ( 46, 'Lina', 'Jenkins' );
insert into CONTRIBUTEURS values ( 47, 'Shaquille', 'Chamberlain' );
insert into CONTRIBUTEURS values ( 48, 'Donnell', 'Hebert' );
insert into CONTRIBUTEURS values ( 49, 'Daisy-May', 'Guevara' );
insert into CONTRIBUTEURS values ( 50, 'Shana', 'Mora' );
insert into CONTRIBUTEURS values ( 51, 'Elin', 'Turner' );
insert into CONTRIBUTEURS values ( 52, 'Ciaron', 'Barton' );
insert into CONTRIBUTEURS values ( 53, 'Renzo', 'Rawlings' );
insert into CONTRIBUTEURS values ( 54, 'Stacie', 'Haley' );
insert into CONTRIBUTEURS values ( 55, 'Kush', 'Floyd' );
insert into CONTRIBUTEURS values ( 56, 'Arley', 'Harvey' );
insert into CONTRIBUTEURS values ( 57, 'Kajol', 'Lane' );
insert into CONTRIBUTEURS values ( 58, 'Carrie', 'Mays' );
insert into CONTRIBUTEURS values ( 59, 'Tiernan', 'Wagstaff' );
insert into CONTRIBUTEURS values ( 60, 'Vincenzo', 'Gough' );
insert into CONTRIBUTEURS values ( 61, 'Amaya', 'Burton' );
insert into CONTRIBUTEURS values ( 62, 'Roma', 'Rivers' );
insert into CONTRIBUTEURS values ( 63, 'Amir', 'Coles' );
insert into CONTRIBUTEURS values ( 64, 'Ariella', 'Grimes' );
insert into CONTRIBUTEURS values ( 65, 'Arissa', 'Cummings' );
insert into CONTRIBUTEURS values ( 66, 'Atticus', 'Chan' );
insert into CONTRIBUTEURS values ( 67, 'Etienne', 'Ford' );
insert into CONTRIBUTEURS values ( 68, 'Vladimir', 'Redmond' );
insert into CONTRIBUTEURS values ( 69, 'Flora', 'Rigby' );
insert into CONTRIBUTEURS values ( 70, 'Hadi', 'Corbett' );
insert into CONTRIBUTEURS values ( 71, 'Nimra', 'Kidd' );
insert into CONTRIBUTEURS values ( 72, 'Afsana', 'Trevino' );
insert into CONTRIBUTEURS values ( 73, 'Kyan', 'Cortes' );
insert into CONTRIBUTEURS values ( 74, 'Gracie', 'Roberts' );
insert into CONTRIBUTEURS values ( 75, 'Cyrus', 'Walton' );
insert into CONTRIBUTEURS values ( 76, 'Maria', 'Singleton' );
insert into CONTRIBUTEURS values ( 77, 'Ayrton', 'Schwartz' );
insert into CONTRIBUTEURS values ( 78, 'Bjorn', 'Graham' );
insert into CONTRIBUTEURS values ( 79, 'Artur', 'Bernal' );
insert into CONTRIBUTEURS values ( 80, 'Cleo', 'Clayton' );
insert into CONTRIBUTEURS values ( 81, 'Jameel', 'Atkins' );
insert into CONTRIBUTEURS values ( 82, 'Ira', 'Williamson' );
insert into CONTRIBUTEURS values ( 83, 'Tasnia', 'Dunlop' );
insert into CONTRIBUTEURS values ( 84, 'Kie', 'Barker' );
insert into CONTRIBUTEURS values ( 85, 'Abubakr', 'Romero' );
insert into CONTRIBUTEURS values ( 86, 'Sabah', 'Drew' );
insert into CONTRIBUTEURS values ( 87, 'Hanan', 'Akhtar' );
insert into CONTRIBUTEURS values ( 88, 'Antonina', 'Weaver' );
insert into CONTRIBUTEURS values ( 89, 'Berat', 'Golden' );
insert into CONTRIBUTEURS values ( 90, 'Rizwan', 'Connor' );
insert into CONTRIBUTEURS values ( 91, 'Anabel', 'Paine' );
insert into CONTRIBUTEURS values ( 92, 'Umaima', 'Rutledge' );
insert into CONTRIBUTEURS values ( 93, 'Tierney', 'Dale' );
insert into CONTRIBUTEURS values ( 94, 'Brandi', 'Leal' );
insert into CONTRIBUTEURS values ( 95, 'Caris', 'Beil' );
insert into CONTRIBUTEURS values ( 96, 'Ivy', 'Preston' );
insert into CONTRIBUTEURS values ( 97, 'Aniya', 'Garcia' );
insert into CONTRIBUTEURS values ( 98, 'Rui', 'Guzman' );
insert into CONTRIBUTEURS values ( 99, 'Graeme', 'Bond' );


insert into ROLES values ( 'Gloomhaven', 1, 'ILLUSTRATEUR' );
insert into ROLES values ( 'Gloomhaven', 51, 'AUTEUR' );
insert into ROLES values ( 'Pandemic Legacy  1', 3, 'ILLUSTRATEUR' );
insert into ROLES values ( 'Pandemic Legacy  1', 53, 'AUTEUR' );
insert into ROLES values ( 'Brass Birmingham', 5, 'ILLUSTRATEUR' );
insert into ROLES values ( 'Brass Birmingham', 55, 'AUTEUR' );
insert into ROLES values ( 'Terraforming Mars', 7, 'ILLUSTRATEUR' );
insert into ROLES values ( 'Terraforming Mars', 57, 'AUTEUR' );
insert into ROLES values ( 'Twilight Imperium Fourth Edition', 9, 'ILLUSTRATEUR' );
insert into ROLES values ( 'Twilight Imperium Fourth Edition', 59, 'AUTEUR' );
insert into ROLES values ( 'Gloomhaven Jaws of the Lion', 11, 'ILLUSTRATEUR' );
insert into ROLES values ( 'Gloomhaven Jaws of the Lion', 61, 'AUTEUR' );
insert into ROLES values ( 'Through the Ages A New Story of Civilization', 13, 'ILLUSTRATEUR' );
insert into ROLES values ( 'Through the Ages A New Story of Civilization', 63, 'AUTEUR' );
insert into ROLES values ( 'Gaia Project', 15, 'ILLUSTRATEUR' );
insert into ROLES values ( 'Gaia Project', 65, 'AUTEUR' );
insert into ROLES values ( 'Star Wars Rebellion', 17, 'ILLUSTRATEUR' );
insert into ROLES values ( 'Star Wars Rebellion', 67, 'AUTEUR' );
insert into ROLES values ( 'Twilight Struggle', 19, 'ILLUSTRATEUR' );
insert into ROLES values ( 'Twilight Struggle', 69, 'AUTEUR' );
insert into ROLES values ( 'Great Western Trail', 21, 'ILLUSTRATEUR' );
insert into ROLES values ( 'Great Western Trail', 71, 'AUTEUR' );
insert into ROLES values ( 'War of the Ring Second Edition', 23, 'ILLUSTRATEUR' );
insert into ROLES values ( 'War of the Ring Second Edition', 73, 'AUTEUR' );
insert into ROLES values ( 'Spirit Island', 25, 'ILLUSTRATEUR' );
insert into ROLES values ( 'Spirit Island', 75, 'AUTEUR' );
insert into ROLES values ( 'Scythe', 27, 'ILLUSTRATEUR' );
insert into ROLES values ( 'Scythe', 77, 'AUTEUR' );
insert into ROLES values ( 'The Castles of Burgundy', 29, 'ILLUSTRATEUR' );
insert into ROLES values ( 'The Castles of Burgundy', 79, 'AUTEUR' );
insert into ROLES values ( 'Terra Mystica', 31, 'ILLUSTRATEUR' );
insert into ROLES values ( 'Terra Mystica', 81, 'AUTEUR' );
insert into ROLES values ( '7 Wonders Duel', 33, 'ILLUSTRATEUR' );
insert into ROLES values ( '7 Wonders Duel', 83, 'AUTEUR' );
insert into ROLES values ( 'Concordia', 35, 'ILLUSTRATEUR' );
insert into ROLES values ( 'Concordia', 85, 'AUTEUR' );
insert into ROLES values ( 'Brass Lancashire', 37, 'ILLUSTRATEUR' );
insert into ROLES values ( 'Brass Lancashire', 87, 'AUTEUR' );
insert into ROLES values ( 'Wingspan', 39, 'ILLUSTRATEUR' );
insert into ROLES values ( 'Wingspan', 89, 'AUTEUR' );
insert into ROLES values ( 'A Feast for Odin', 41, 'ILLUSTRATEUR' );
insert into ROLES values ( 'A Feast for Odin', 91, 'AUTEUR' );
insert into ROLES values ( 'Arkham Horror The Card Game', 43, 'ILLUSTRATEUR' );
insert into ROLES values ( 'Arkham Horror The Card Game', 93, 'AUTEUR' );
insert into ROLES values ( 'Viticulture Essential Edition', 45, 'ILLUSTRATEUR' );
insert into ROLES values ( 'Viticulture Essential Edition', 95, 'AUTEUR' );
insert into ROLES values ( 'Nemesis', 47, 'ILLUSTRATEUR' );
insert into ROLES values ( 'Nemesis', 97, 'AUTEUR' );
insert into ROLES values ( 'Orléans', 49, 'ILLUSTRATEUR' );
insert into ROLES values ( 'Orléans', 99, 'AUTEUR' );

-- EXTENSIONS
insert into EXTENSIONS values ( 'Pandemic Legacy', 'Pandemic Legacy  1' );
insert into EXTENSIONS values ( 'Brass', 'Brass Birmingham' );
insert into EXTENSIONS values ( 'Twilight Imperium', 'Twilight Imperium Fourth Edition' );
insert into EXTENSIONS values ( 'Gloomhaven', 'Gloomhaven Jaws of the Lion' );
insert into EXTENSIONS values ( 'Through the Ages', 'Through the Ages A New Story of Civilization' );
insert into EXTENSIONS values ( 'Star Wars', 'Star Wars Rebellion' );
insert into EXTENSIONS values ( 'War of the Ring', 'War of the Ring Second Edition' );
insert into EXTENSIONS values ( 'Brass', 'Brass Lancashire' );
insert into EXTENSIONS values ( 'Arkham Horror', 'Arkham Horror The Card Game' );
insert into EXTENSIONS values ( 'Caverna', 'Caverna The Cave Farmers' );
insert into EXTENSIONS values ( 'Mansions of Madness', 'Mansions of Madness Second Edition' );
insert into EXTENSIONS values ( 'Pandemic Legacy', 'Pandemic Legacy  2' );
insert into EXTENSIONS values ( 'Kingdom Death', 'Kingdom Death Monster' );
insert into EXTENSIONS values ( 'Tzolk', 'Tzolk The Mayan Calendar' );
insert into EXTENSIONS values ( 'The Crew', 'The Crew The Quest for Planet Nine' );
insert into EXTENSIONS values ( 'Star Wars', 'Star Wars Imperial Assault' );
insert into EXTENSIONS values ( 'Through the Ages', 'Through the Ages A Story of Civilization' );

-- JUGEMENTS
insert into JUGEMENTS values ( 35, '1james', 'PERTINENT' );
insert into JUGEMENTS values ( 57, '1james', 'PERTINENT' );
insert into JUGEMENTS values ( 3, '1james', 'IMPERTINENT' );
insert into JUGEMENTS values ( 91, '1james', 'IMPERTINENT' );
insert into JUGEMENTS values ( 63, '1james', 'PERTINENT' );
insert into JUGEMENTS values ( 94, '1james', 'IMPERTINENT' );
insert into JUGEMENTS values ( 86, '1james', 'PERTINENT' );
insert into JUGEMENTS values ( 0, '1james', 'IMPERTINENT' );
insert into JUGEMENTS values ( 52, '1james', 'PERTINENT' );
insert into JUGEMENTS values ( 1, '2john', 'IMPERTINENT' );
insert into JUGEMENTS values ( 20, '2john', 'PERTINENT' );
insert into JUGEMENTS values ( 70, '2john', 'PERTINENT' );
insert into JUGEMENTS values ( 59, '2john', 'PERTINENT' );
insert into JUGEMENTS values ( 46, '2john', 'PERTINENT' );
insert into JUGEMENTS values ( 8, '2john', 'IMPERTINENT' );
insert into JUGEMENTS values ( 69, '2john', 'IMPERTINENT' );
insert into JUGEMENTS values ( 33, '2john', 'IMPERTINENT' );
insert into JUGEMENTS values ( 48, '2john', 'IMPERTINENT' );
insert into JUGEMENTS values ( 5, '3robert', 'PERTINENT' );
insert into JUGEMENTS values ( 72, '3robert', 'IMPERTINENT' );
insert into JUGEMENTS values ( 2, '3robert', 'IMPERTINENT' );
insert into JUGEMENTS values ( 94, '3robert', 'PERTINENT' );
insert into JUGEMENTS values ( 8, '3robert', 'IMPERTINENT' );
insert into JUGEMENTS values ( 96, '3robert', 'PERTINENT' );
insert into JUGEMENTS values ( 71, '3robert', 'PERTINENT' );
insert into JUGEMENTS values ( 39, '3robert', 'IMPERTINENT' );
insert into JUGEMENTS values ( 55, '3robert', 'PERTINENT' );
insert into JUGEMENTS values ( 7, '4michael', 'PERTINENT' );
insert into JUGEMENTS values ( 82, '4michael', 'PERTINENT' );
insert into JUGEMENTS values ( 20, '4michael', 'IMPERTINENT' );
insert into JUGEMENTS values ( 37, '4michael', 'IMPERTINENT' );
insert into JUGEMENTS values ( 47, '4michael', 'PERTINENT' );
insert into JUGEMENTS values ( 63, '4michael', 'PERTINENT' );
insert into JUGEMENTS values ( 19, '4michael', 'PERTINENT' );
insert into JUGEMENTS values ( 62, '4michael', 'IMPERTINENT' );
insert into JUGEMENTS values ( 75, '4michael', 'IMPERTINENT' );
insert into JUGEMENTS values ( 45, '5william', 'PERTINENT' );
insert into JUGEMENTS values ( 94, '5william', 'PERTINENT' );
insert into JUGEMENTS values ( 63, '5william', 'PERTINENT' );
insert into JUGEMENTS values ( 29, '5william', 'PERTINENT' );
insert into JUGEMENTS values ( 71, '5william', 'PERTINENT' );
insert into JUGEMENTS values ( 23, '5william', 'PERTINENT' );
insert into JUGEMENTS values ( 9, '5william', 'PERTINENT' );
insert into JUGEMENTS values ( 18, '5william', 'PERTINENT' );
insert into JUGEMENTS values ( 21, '5william', 'IMPERTINENT' );
insert into JUGEMENTS values ( 86, '6david', 'IMPERTINENT' );
insert into JUGEMENTS values ( 79, '6david', 'IMPERTINENT' );
insert into JUGEMENTS values ( 61, '6david', 'PERTINENT' );
insert into JUGEMENTS values ( 53, '6david', 'PERTINENT' );
insert into JUGEMENTS values ( 20, '6david', 'IMPERTINENT' );
insert into JUGEMENTS values ( 37, '6david', 'IMPERTINENT' );
insert into JUGEMENTS values ( 6, '6david', 'PERTINENT' );
insert into JUGEMENTS values ( 88, '6david', 'IMPERTINENT' );
insert into JUGEMENTS values ( 31, '6david', 'IMPERTINENT' );
insert into JUGEMENTS values ( 60, '7richard', 'PERTINENT' );
insert into JUGEMENTS values ( 67, '7richard', 'IMPERTINENT' );
insert into JUGEMENTS values ( 69, '7richard', 'PERTINENT' );
insert into JUGEMENTS values ( 29, '7richard', 'IMPERTINENT' );
insert into JUGEMENTS values ( 46, '7richard', 'PERTINENT' );
insert into JUGEMENTS values ( 76, '7richard', 'PERTINENT' );
insert into JUGEMENTS values ( 81, '7richard', 'PERTINENT' );
insert into JUGEMENTS values ( 10, '7richard', 'PERTINENT' );
insert into JUGEMENTS values ( 52, '7richard', 'PERTINENT' );
insert into JUGEMENTS values ( 45, '8charles', 'IMPERTINENT' );
insert into JUGEMENTS values ( 4, '8charles', 'PERTINENT' );
insert into JUGEMENTS values ( 83, '8charles', 'PERTINENT' );
insert into JUGEMENTS values ( 96, '8charles', 'PERTINENT' );
insert into JUGEMENTS values ( 98, '8charles', 'IMPERTINENT' );
insert into JUGEMENTS values ( 2, '8charles', 'IMPERTINENT' );
insert into JUGEMENTS values ( 12, '8charles', 'IMPERTINENT' );
insert into JUGEMENTS values ( 58, '8charles', 'PERTINENT' );
insert into JUGEMENTS values ( 79, '8charles', 'IMPERTINENT' );
insert into JUGEMENTS values ( 9, '9joseph', 'IMPERTINENT' );
insert into JUGEMENTS values ( 21, '9joseph', 'IMPERTINENT' );
insert into JUGEMENTS values ( 74, '9joseph', 'PERTINENT' );
insert into JUGEMENTS values ( 34, '9joseph', 'PERTINENT' );
insert into JUGEMENTS values ( 54, '9joseph', 'IMPERTINENT' );
insert into JUGEMENTS values ( 95, '9joseph', 'IMPERTINENT' );
insert into JUGEMENTS values ( 85, '9joseph', 'PERTINENT' );
insert into JUGEMENTS values ( 34, '10thomas', 'PERTINENT' );
insert into JUGEMENTS values ( 64, '10thomas', 'PERTINENT' );
insert into JUGEMENTS values ( 52, '10thomas', 'PERTINENT' );
insert into JUGEMENTS values ( 59, '10thomas', 'IMPERTINENT' );
insert into JUGEMENTS values ( 38, '10thomas', 'IMPERTINENT' );
insert into JUGEMENTS values ( 24, '10thomas', 'IMPERTINENT' );
insert into JUGEMENTS values ( 41, '10thomas', 'PERTINENT' );
insert into JUGEMENTS values ( 10, '10thomas', 'PERTINENT' );
insert into JUGEMENTS values ( 26, '10thomas', 'IMPERTINENT' );
insert into JUGEMENTS values ( 31, '11christopher', 'PERTINENT' );
insert into JUGEMENTS values ( 59, '11christopher', 'IMPERTINENT' );
insert into JUGEMENTS values ( 56, '11christopher', 'IMPERTINENT' );
insert into JUGEMENTS values ( 22, '11christopher', 'IMPERTINENT' );
insert into JUGEMENTS values ( 96, '11christopher', 'IMPERTINENT' );
insert into JUGEMENTS values ( 45, '11christopher', 'PERTINENT' );
insert into JUGEMENTS values ( 28, '11christopher', 'IMPERTINENT' );
insert into JUGEMENTS values ( 8, '11christopher', 'PERTINENT' );
insert into JUGEMENTS values ( 48, '11christopher', 'IMPERTINENT' );
insert into JUGEMENTS values ( 77, '12daniel', 'PERTINENT' );
insert into JUGEMENTS values ( 91, '12daniel', 'IMPERTINENT' );
insert into JUGEMENTS values ( 72, '12daniel', 'IMPERTINENT' );
insert into JUGEMENTS values ( 73, '12daniel', 'IMPERTINENT' );
insert into JUGEMENTS values ( 69, '12daniel', 'PERTINENT' );
insert into JUGEMENTS values ( 68, '12daniel', 'IMPERTINENT' );
insert into JUGEMENTS values ( 37, '12daniel', 'PERTINENT' );
insert into JUGEMENTS values ( 16, '12daniel', 'PERTINENT' );
insert into JUGEMENTS values ( 52, '12daniel', 'PERTINENT' );
insert into JUGEMENTS values ( 64, '13paul', 'IMPERTINENT' );
insert into JUGEMENTS values ( 97, '13paul', 'IMPERTINENT' );
insert into JUGEMENTS values ( 62, '13paul', 'PERTINENT' );
insert into JUGEMENTS values ( 95, '13paul', 'PERTINENT' );
insert into JUGEMENTS values ( 4, '13paul', 'IMPERTINENT' );
insert into JUGEMENTS values ( 90, '13paul', 'IMPERTINENT' );
insert into JUGEMENTS values ( 14, '13paul', 'IMPERTINENT' );
insert into JUGEMENTS values ( 77, '13paul', 'PERTINENT' );
insert into JUGEMENTS values ( 26, '13paul', 'IMPERTINENT' );
insert into JUGEMENTS values ( 2, '14mark', 'PERTINENT' );
insert into JUGEMENTS values ( 43, '14mark', 'IMPERTINENT' );
insert into JUGEMENTS values ( 98, '14mark', 'IMPERTINENT' );
insert into JUGEMENTS values ( 97, '14mark', 'IMPERTINENT' );
insert into JUGEMENTS values ( 66, '14mark', 'IMPERTINENT' );
insert into JUGEMENTS values ( 44, '14mark', 'PERTINENT' );
insert into JUGEMENTS values ( 31, '14mark', 'PERTINENT' );
insert into JUGEMENTS values ( 19, '14mark', 'IMPERTINENT' );
insert into JUGEMENTS values ( 73, '14mark', 'IMPERTINENT' );
insert into JUGEMENTS values ( 92, '15donald', 'PERTINENT' );
insert into JUGEMENTS values ( 18, '15donald', 'IMPERTINENT' );
insert into JUGEMENTS values ( 8, '15donald', 'IMPERTINENT' );
insert into JUGEMENTS values ( 81, '15donald', 'IMPERTINENT' );
insert into JUGEMENTS values ( 65, '15donald', 'PERTINENT' );
insert into JUGEMENTS values ( 36, '15donald', 'PERTINENT' );
insert into JUGEMENTS values ( 68, '15donald', 'IMPERTINENT' );
insert into JUGEMENTS values ( 59, '15donald', 'IMPERTINENT' );
insert into JUGEMENTS values ( 5, '16george', 'IMPERTINENT' );
insert into JUGEMENTS values ( 49, '16george', 'IMPERTINENT' );
insert into JUGEMENTS values ( 39, '16george', 'IMPERTINENT' );
insert into JUGEMENTS values ( 88, '16george', 'PERTINENT' );
insert into JUGEMENTS values ( 40, '16george', 'IMPERTINENT' );
insert into JUGEMENTS values ( 67, '16george', 'PERTINENT' );
insert into JUGEMENTS values ( 57, '16george', 'PERTINENT' );
insert into JUGEMENTS values ( 51, '16george', 'IMPERTINENT' );
insert into JUGEMENTS values ( 78, '17kenneth', 'PERTINENT' );
insert into JUGEMENTS values ( 62, '17kenneth', 'PERTINENT' );
insert into JUGEMENTS values ( 68, '17kenneth', 'PERTINENT' );
insert into JUGEMENTS values ( 1, '17kenneth', 'PERTINENT' );
insert into JUGEMENTS values ( 75, '17kenneth', 'IMPERTINENT' );
insert into JUGEMENTS values ( 15, '17kenneth', 'PERTINENT' );
insert into JUGEMENTS values ( 3, '17kenneth', 'IMPERTINENT' );
insert into JUGEMENTS values ( 27, '17kenneth', 'IMPERTINENT' );
insert into JUGEMENTS values ( 33, '17kenneth', 'PERTINENT' );
insert into JUGEMENTS values ( 59, '18steven', 'PERTINENT' );
insert into JUGEMENTS values ( 79, '18steven', 'PERTINENT' );
insert into JUGEMENTS values ( 54, '18steven', 'PERTINENT' );
insert into JUGEMENTS values ( 6, '18steven', 'PERTINENT' );
insert into JUGEMENTS values ( 9, '18steven', 'PERTINENT' );
insert into JUGEMENTS values ( 1, '18steven', 'IMPERTINENT' );
insert into JUGEMENTS values ( 93, '18steven', 'IMPERTINENT' );
insert into JUGEMENTS values ( 27, '18steven', 'PERTINENT' );
insert into JUGEMENTS values ( 67, '18steven', 'PERTINENT' );
insert into JUGEMENTS values ( 89, '19edward', 'PERTINENT' );
insert into JUGEMENTS values ( 39, '19edward', 'IMPERTINENT' );
insert into JUGEMENTS values ( 76, '19edward', 'PERTINENT' );
insert into JUGEMENTS values ( 34, '19edward', 'PERTINENT' );
insert into JUGEMENTS values ( 80, '19edward', 'IMPERTINENT' );
insert into JUGEMENTS values ( 23, '19edward', 'IMPERTINENT' );
insert into JUGEMENTS values ( 10, '19edward', 'PERTINENT' );
insert into JUGEMENTS values ( 96, '19edward', 'IMPERTINENT' );
insert into JUGEMENTS values ( 39, '20brian', 'IMPERTINENT' );
insert into JUGEMENTS values ( 42, '20brian', 'PERTINENT' );
insert into JUGEMENTS values ( 55, '20brian', 'PERTINENT' );
insert into JUGEMENTS values ( 31, '20brian', 'IMPERTINENT' );
insert into JUGEMENTS values ( 1, '20brian', 'IMPERTINENT' );
insert into JUGEMENTS values ( 7, '20brian', 'IMPERTINENT' );
insert into JUGEMENTS values ( 44, '20brian', 'PERTINENT' );
insert into JUGEMENTS values ( 9, '20brian', 'PERTINENT' );
insert into JUGEMENTS values ( 29, '20brian', 'IMPERTINENT' );
insert into JUGEMENTS values ( 90, '21ronald', 'IMPERTINENT' );
insert into JUGEMENTS values ( 82, '21ronald', 'PERTINENT' );
insert into JUGEMENTS values ( 54, '21ronald', 'PERTINENT' );
insert into JUGEMENTS values ( 22, '21ronald', 'PERTINENT' );
insert into JUGEMENTS values ( 64, '21ronald', 'PERTINENT' );
insert into JUGEMENTS values ( 49, '21ronald', 'PERTINENT' );
insert into JUGEMENTS values ( 53, '21ronald', 'IMPERTINENT' );
insert into JUGEMENTS values ( 84, '21ronald', 'PERTINENT' );
insert into JUGEMENTS values ( 86, '21ronald', 'IMPERTINENT' );
insert into JUGEMENTS values ( 59, '22anthony', 'PERTINENT' );
insert into JUGEMENTS values ( 69, '22anthony', 'PERTINENT' );
insert into JUGEMENTS values ( 15, '22anthony', 'PERTINENT' );
insert into JUGEMENTS values ( 73, '22anthony', 'IMPERTINENT' );
insert into JUGEMENTS values ( 32, '22anthony', 'IMPERTINENT' );
insert into JUGEMENTS values ( 3, '22anthony', 'IMPERTINENT' );
insert into JUGEMENTS values ( 8, '22anthony', 'IMPERTINENT' );
insert into JUGEMENTS values ( 23, '22anthony', 'PERTINENT' );
insert into JUGEMENTS values ( 12, '22anthony', 'IMPERTINENT' );
insert into JUGEMENTS values ( 85, '23kevin', 'PERTINENT' );
insert into JUGEMENTS values ( 41, '23kevin', 'PERTINENT' );
insert into JUGEMENTS values ( 53, '23kevin', 'PERTINENT' );
insert into JUGEMENTS values ( 38, '23kevin', 'PERTINENT' );
insert into JUGEMENTS values ( 82, '23kevin', 'PERTINENT' );
insert into JUGEMENTS values ( 54, '23kevin', 'PERTINENT' );
insert into JUGEMENTS values ( 8, '23kevin', 'PERTINENT' );
insert into JUGEMENTS values ( 5, '23kevin', 'PERTINENT' );
insert into JUGEMENTS values ( 13, '23kevin', 'PERTINENT' );
insert into JUGEMENTS values ( 31, '24jason', 'PERTINENT' );
insert into JUGEMENTS values ( 70, '24jason', 'PERTINENT' );
insert into JUGEMENTS values ( 77, '24jason', 'IMPERTINENT' );
insert into JUGEMENTS values ( 40, '24jason', 'PERTINENT' );
insert into JUGEMENTS values ( 35, '24jason', 'IMPERTINENT' );
insert into JUGEMENTS values ( 12, '24jason', 'IMPERTINENT' );
insert into JUGEMENTS values ( 16, '24jason', 'PERTINENT' );
insert into JUGEMENTS values ( 10, '24jason', 'IMPERTINENT' );
insert into JUGEMENTS values ( 93, '24jason', 'PERTINENT' );
insert into JUGEMENTS values ( 90, '25matthew', 'IMPERTINENT' );
insert into JUGEMENTS values ( 41, '25matthew', 'PERTINENT' );
insert into JUGEMENTS values ( 56, '25matthew', 'IMPERTINENT' );
insert into JUGEMENTS values ( 67, '25matthew', 'PERTINENT' );
insert into JUGEMENTS values ( 93, '25matthew', 'PERTINENT' );
insert into JUGEMENTS values ( 48, '25matthew', 'IMPERTINENT' );
insert into JUGEMENTS values ( 84, '25matthew', 'PERTINENT' );
insert into JUGEMENTS values ( 47, '25matthew', 'PERTINENT' );
insert into JUGEMENTS values ( 27, '25matthew', 'IMPERTINENT' );
insert into JUGEMENTS values ( 99, '26gary', 'IMPERTINENT' );
insert into JUGEMENTS values ( 97, '26gary', 'IMPERTINENT' );
insert into JUGEMENTS values ( 19, '26gary', 'IMPERTINENT' );
insert into JUGEMENTS values ( 83, '26gary', 'PERTINENT' );
insert into JUGEMENTS values ( 74, '26gary', 'IMPERTINENT' );
insert into JUGEMENTS values ( 46, '26gary', 'PERTINENT' );
insert into JUGEMENTS values ( 1, '26gary', 'IMPERTINENT' );
insert into JUGEMENTS values ( 97, '27timothy', 'IMPERTINENT' );
insert into JUGEMENTS values ( 85, '27timothy', 'IMPERTINENT' );
insert into JUGEMENTS values ( 44, '27timothy', 'PERTINENT' );
insert into JUGEMENTS values ( 94, '27timothy', 'IMPERTINENT' );
insert into JUGEMENTS values ( 72, '27timothy', 'PERTINENT' );
insert into JUGEMENTS values ( 25, '27timothy', 'PERTINENT' );
insert into JUGEMENTS values ( 36, '27timothy', 'IMPERTINENT' );
insert into JUGEMENTS values ( 9, '27timothy', 'PERTINENT' );
insert into JUGEMENTS values ( 87, '27timothy', 'PERTINENT' );
insert into JUGEMENTS values ( 15, '28jose', 'IMPERTINENT' );
insert into JUGEMENTS values ( 11, '28jose', 'IMPERTINENT' );
insert into JUGEMENTS values ( 19, '28jose', 'PERTINENT' );
insert into JUGEMENTS values ( 41, '28jose', 'PERTINENT' );
insert into JUGEMENTS values ( 28, '28jose', 'PERTINENT' );
insert into JUGEMENTS values ( 81, '28jose', 'PERTINENT' );
insert into JUGEMENTS values ( 38, '28jose', 'PERTINENT' );
insert into JUGEMENTS values ( 94, '28jose', 'IMPERTINENT' );
insert into JUGEMENTS values ( 52, '29larry', 'IMPERTINENT' );
insert into JUGEMENTS values ( 32, '29larry', 'PERTINENT' );
insert into JUGEMENTS values ( 0, '29larry', 'PERTINENT' );
insert into JUGEMENTS values ( 67, '29larry', 'PERTINENT' );
insert into JUGEMENTS values ( 95, '29larry', 'IMPERTINENT' );
insert into JUGEMENTS values ( 77, '29larry', 'PERTINENT' );
insert into JUGEMENTS values ( 37, '29larry', 'PERTINENT' );
insert into JUGEMENTS values ( 55, '29larry', 'PERTINENT' );
insert into JUGEMENTS values ( 57, '29larry', 'PERTINENT' );
insert into JUGEMENTS values ( 45, '30jeffrey', 'IMPERTINENT' );
insert into JUGEMENTS values ( 78, '30jeffrey', 'IMPERTINENT' );
insert into JUGEMENTS values ( 47, '30jeffrey', 'IMPERTINENT' );
insert into JUGEMENTS values ( 54, '30jeffrey', 'IMPERTINENT' );
insert into JUGEMENTS values ( 10, '30jeffrey', 'IMPERTINENT' );
insert into JUGEMENTS values ( 0, '30jeffrey', 'PERTINENT' );
insert into JUGEMENTS values ( 75, '30jeffrey', 'IMPERTINENT' );
insert into JUGEMENTS values ( 53, '31frank', 'IMPERTINENT' );
insert into JUGEMENTS values ( 54, '31frank', 'IMPERTINENT' );
insert into JUGEMENTS values ( 33, '31frank', 'PERTINENT' );
insert into JUGEMENTS values ( 27, '31frank', 'IMPERTINENT' );
insert into JUGEMENTS values ( 50, '31frank', 'PERTINENT' );
insert into JUGEMENTS values ( 63, '31frank', 'IMPERTINENT' );
insert into JUGEMENTS values ( 15, '31frank', 'IMPERTINENT' );
insert into JUGEMENTS values ( 43, '31frank', 'PERTINENT' );
insert into JUGEMENTS values ( 1, '31frank', 'IMPERTINENT' );
insert into JUGEMENTS values ( 77, '32scott', 'IMPERTINENT' );
insert into JUGEMENTS values ( 71, '32scott', 'IMPERTINENT' );
insert into JUGEMENTS values ( 72, '32scott', 'PERTINENT' );
insert into JUGEMENTS values ( 76, '32scott', 'IMPERTINENT' );
insert into JUGEMENTS values ( 92, '32scott', 'IMPERTINENT' );
insert into JUGEMENTS values ( 30, '32scott', 'PERTINENT' );
insert into JUGEMENTS values ( 34, '32scott', 'IMPERTINENT' );
insert into JUGEMENTS values ( 2, '32scott', 'IMPERTINENT' );
insert into JUGEMENTS values ( 31, '32scott', 'PERTINENT' );
insert into JUGEMENTS values ( 0, '33eric', 'IMPERTINENT' );
insert into JUGEMENTS values ( 38, '33eric', 'PERTINENT' );
insert into JUGEMENTS values ( 53, '33eric', 'IMPERTINENT' );
insert into JUGEMENTS values ( 94, '33eric', 'IMPERTINENT' );
insert into JUGEMENTS values ( 21, '33eric', 'PERTINENT' );
insert into JUGEMENTS values ( 62, '33eric', 'PERTINENT' );
insert into JUGEMENTS values ( 39, '33eric', 'IMPERTINENT' );
insert into JUGEMENTS values ( 90, '33eric', 'IMPERTINENT' );
insert into JUGEMENTS values ( 88, '33eric', 'PERTINENT' );
insert into JUGEMENTS values ( 11, '34stephen', 'IMPERTINENT' );
insert into JUGEMENTS values ( 33, '34stephen', 'IMPERTINENT' );
insert into JUGEMENTS values ( 67, '34stephen', 'IMPERTINENT' );
insert into JUGEMENTS values ( 54, '34stephen', 'PERTINENT' );
insert into JUGEMENTS values ( 26, '34stephen', 'PERTINENT' );
insert into JUGEMENTS values ( 52, '34stephen', 'IMPERTINENT' );
insert into JUGEMENTS values ( 85, '34stephen', 'IMPERTINENT' );
insert into JUGEMENTS values ( 77, '34stephen', 'PERTINENT' );
insert into JUGEMENTS values ( 5, '34stephen', 'IMPERTINENT' );
insert into JUGEMENTS values ( 76, '35andrew', 'PERTINENT' );
insert into JUGEMENTS values ( 69, '35andrew', 'IMPERTINENT' );
insert into JUGEMENTS values ( 97, '35andrew', 'IMPERTINENT' );
insert into JUGEMENTS values ( 9, '35andrew', 'PERTINENT' );
insert into JUGEMENTS values ( 52, '35andrew', 'PERTINENT' );
insert into JUGEMENTS values ( 42, '35andrew', 'PERTINENT' );
insert into JUGEMENTS values ( 19, '35andrew', 'IMPERTINENT' );
insert into JUGEMENTS values ( 88, '35andrew', 'PERTINENT' );
insert into JUGEMENTS values ( 2, '35andrew', 'IMPERTINENT' );
insert into JUGEMENTS values ( 63, '36raymond', 'IMPERTINENT' );
insert into JUGEMENTS values ( 16, '36raymond', 'PERTINENT' );
insert into JUGEMENTS values ( 82, '36raymond', 'PERTINENT' );
insert into JUGEMENTS values ( 75, '36raymond', 'IMPERTINENT' );
insert into JUGEMENTS values ( 52, '36raymond', 'IMPERTINENT' );
insert into JUGEMENTS values ( 27, '36raymond', 'PERTINENT' );
insert into JUGEMENTS values ( 20, '36raymond', 'IMPERTINENT' );
insert into JUGEMENTS values ( 89, '36raymond', 'PERTINENT' );
insert into JUGEMENTS values ( 58, '36raymond', 'IMPERTINENT' );
insert into JUGEMENTS values ( 38, '37gregory', 'IMPERTINENT' );
insert into JUGEMENTS values ( 48, '37gregory', 'IMPERTINENT' );
insert into JUGEMENTS values ( 11, '37gregory', 'PERTINENT' );
insert into JUGEMENTS values ( 59, '37gregory', 'PERTINENT' );
insert into JUGEMENTS values ( 27, '37gregory', 'IMPERTINENT' );
insert into JUGEMENTS values ( 24, '37gregory', 'PERTINENT' );
insert into JUGEMENTS values ( 90, '37gregory', 'IMPERTINENT' );
insert into JUGEMENTS values ( 83, '37gregory', 'PERTINENT' );
insert into JUGEMENTS values ( 92, '38joshua', 'PERTINENT' );
insert into JUGEMENTS values ( 57, '38joshua', 'IMPERTINENT' );
insert into JUGEMENTS values ( 19, '38joshua', 'PERTINENT' );
insert into JUGEMENTS values ( 12, '38joshua', 'IMPERTINENT' );
insert into JUGEMENTS values ( 6, '38joshua', 'PERTINENT' );
insert into JUGEMENTS values ( 36, '38joshua', 'PERTINENT' );
insert into JUGEMENTS values ( 93, '38joshua', 'PERTINENT' );
insert into JUGEMENTS values ( 39, '38joshua', 'PERTINENT' );
insert into JUGEMENTS values ( 21, '38joshua', 'IMPERTINENT' );
insert into JUGEMENTS values ( 37, '39jerry', 'PERTINENT' );
insert into JUGEMENTS values ( 5, '39jerry', 'IMPERTINENT' );
insert into JUGEMENTS values ( 85, '39jerry', 'IMPERTINENT' );
insert into JUGEMENTS values ( 52, '39jerry', 'PERTINENT' );
insert into JUGEMENTS values ( 55, '39jerry', 'PERTINENT' );
insert into JUGEMENTS values ( 97, '39jerry', 'IMPERTINENT' );
insert into JUGEMENTS values ( 70, '39jerry', 'PERTINENT' );
insert into JUGEMENTS values ( 77, '39jerry', 'IMPERTINENT' );
insert into JUGEMENTS values ( 75, '39jerry', 'IMPERTINENT' );
insert into JUGEMENTS values ( 29, '40dennis', 'IMPERTINENT' );
insert into JUGEMENTS values ( 75, '40dennis', 'PERTINENT' );
insert into JUGEMENTS values ( 6, '40dennis', 'IMPERTINENT' );
insert into JUGEMENTS values ( 65, '40dennis', 'PERTINENT' );
insert into JUGEMENTS values ( 1, '40dennis', 'PERTINENT' );
insert into JUGEMENTS values ( 50, '40dennis', 'IMPERTINENT' );
insert into JUGEMENTS values ( 69, '40dennis', 'PERTINENT' );
insert into JUGEMENTS values ( 10, '40dennis', 'IMPERTINENT' );
insert into JUGEMENTS values ( 47, '41walter', 'IMPERTINENT' );
insert into JUGEMENTS values ( 58, '41walter', 'IMPERTINENT' );
insert into JUGEMENTS values ( 44, '41walter', 'IMPERTINENT' );
insert into JUGEMENTS values ( 8, '41walter', 'PERTINENT' );
insert into JUGEMENTS values ( 70, '41walter', 'PERTINENT' );
insert into JUGEMENTS values ( 51, '41walter', 'IMPERTINENT' );
insert into JUGEMENTS values ( 41, '41walter', 'PERTINENT' );
insert into JUGEMENTS values ( 71, '41walter', 'PERTINENT' );
insert into JUGEMENTS values ( 39, '41walter', 'PERTINENT' );
insert into JUGEMENTS values ( 55, '42patrick', 'IMPERTINENT' );
insert into JUGEMENTS values ( 11, '42patrick', 'IMPERTINENT' );
insert into JUGEMENTS values ( 82, '42patrick', 'IMPERTINENT' );
insert into JUGEMENTS values ( 10, '42patrick', 'PERTINENT' );
insert into JUGEMENTS values ( 95, '42patrick', 'PERTINENT' );
insert into JUGEMENTS values ( 98, '42patrick', 'PERTINENT' );
insert into JUGEMENTS values ( 69, '42patrick', 'PERTINENT' );
insert into JUGEMENTS values ( 2, '42patrick', 'PERTINENT' );
insert into JUGEMENTS values ( 56, '42patrick', 'PERTINENT' );
insert into JUGEMENTS values ( 72, '43peter', 'IMPERTINENT' );
insert into JUGEMENTS values ( 36, '43peter', 'PERTINENT' );
insert into JUGEMENTS values ( 7, '43peter', 'PERTINENT' );
insert into JUGEMENTS values ( 74, '43peter', 'IMPERTINENT' );
insert into JUGEMENTS values ( 18, '43peter', 'PERTINENT' );
insert into JUGEMENTS values ( 27, '43peter', 'IMPERTINENT' );
insert into JUGEMENTS values ( 53, '43peter', 'PERTINENT' );
insert into JUGEMENTS values ( 17, '43peter', 'IMPERTINENT' );
insert into JUGEMENTS values ( 38, '43peter', 'IMPERTINENT' );
insert into JUGEMENTS values ( 24, '44harold', 'PERTINENT' );
insert into JUGEMENTS values ( 85, '44harold', 'PERTINENT' );
insert into JUGEMENTS values ( 93, '44harold', 'PERTINENT' );
insert into JUGEMENTS values ( 97, '44harold', 'IMPERTINENT' );
insert into JUGEMENTS values ( 49, '44harold', 'PERTINENT' );
insert into JUGEMENTS values ( 74, '44harold', 'PERTINENT' );
insert into JUGEMENTS values ( 88, '44harold', 'PERTINENT' );
insert into JUGEMENTS values ( 32, '44harold', 'IMPERTINENT' );
insert into JUGEMENTS values ( 80, '44harold', 'PERTINENT' );
insert into JUGEMENTS values ( 62, '45douglas', 'IMPERTINENT' );
insert into JUGEMENTS values ( 55, '45douglas', 'IMPERTINENT' );
insert into JUGEMENTS values ( 27, '45douglas', 'PERTINENT' );
insert into JUGEMENTS values ( 8, '45douglas', 'PERTINENT' );
insert into JUGEMENTS values ( 28, '45douglas', 'PERTINENT' );
insert into JUGEMENTS values ( 15, '45douglas', 'IMPERTINENT' );
insert into JUGEMENTS values ( 30, '45douglas', 'PERTINENT' );
insert into JUGEMENTS values ( 50, '45douglas', 'IMPERTINENT' );
insert into JUGEMENTS values ( 74, '45douglas', 'IMPERTINENT' );
insert into JUGEMENTS values ( 6, '46henry', 'PERTINENT' );
insert into JUGEMENTS values ( 87, '46henry', 'PERTINENT' );
insert into JUGEMENTS values ( 33, '46henry', 'IMPERTINENT' );
insert into JUGEMENTS values ( 68, '46henry', 'IMPERTINENT' );
insert into JUGEMENTS values ( 28, '46henry', 'PERTINENT' );
insert into JUGEMENTS values ( 34, '46henry', 'IMPERTINENT' );
insert into JUGEMENTS values ( 71, '46henry', 'IMPERTINENT' );
insert into JUGEMENTS values ( 1, '46henry', 'IMPERTINENT' );
insert into JUGEMENTS values ( 55, '46henry', 'PERTINENT' );
insert into JUGEMENTS values ( 56, '47carl', 'IMPERTINENT' );
insert into JUGEMENTS values ( 47, '47carl', 'IMPERTINENT' );
insert into JUGEMENTS values ( 28, '47carl', 'PERTINENT' );
insert into JUGEMENTS values ( 2, '47carl', 'IMPERTINENT' );
insert into JUGEMENTS values ( 34, '47carl', 'IMPERTINENT' );
insert into JUGEMENTS values ( 81, '47carl', 'PERTINENT' );
insert into JUGEMENTS values ( 99, '47carl', 'PERTINENT' );
insert into JUGEMENTS values ( 15, '47carl', 'IMPERTINENT' );
insert into JUGEMENTS values ( 40, '47carl', 'PERTINENT' );
insert into JUGEMENTS values ( 87, '48arthur', 'PERTINENT' );
insert into JUGEMENTS values ( 67, '48arthur', 'IMPERTINENT' );
insert into JUGEMENTS values ( 69, '48arthur', 'IMPERTINENT' );
insert into JUGEMENTS values ( 36, '48arthur', 'IMPERTINENT' );
insert into JUGEMENTS values ( 23, '48arthur', 'IMPERTINENT' );
insert into JUGEMENTS values ( 0, '48arthur', 'IMPERTINENT' );
insert into JUGEMENTS values ( 88, '48arthur', 'PERTINENT' );
insert into JUGEMENTS values ( 75, '48arthur', 'IMPERTINENT' );
insert into JUGEMENTS values ( 3, '49ryan', 'IMPERTINENT' );
insert into JUGEMENTS values ( 46, '49ryan', 'PERTINENT' );
insert into JUGEMENTS values ( 68, '49ryan', 'PERTINENT' );
insert into JUGEMENTS values ( 64, '49ryan', 'IMPERTINENT' );
insert into JUGEMENTS values ( 37, '49ryan', 'IMPERTINENT' );
insert into JUGEMENTS values ( 14, '49ryan', 'PERTINENT' );
insert into JUGEMENTS values ( 28, '49ryan', 'PERTINENT' );
insert into JUGEMENTS values ( 81, '49ryan', 'IMPERTINENT' );
insert into JUGEMENTS values ( 53, '49ryan', 'IMPERTINENT' );

-- PARTICIPATIONS
insert into PARTICIPATIONS values ( 'Gloomhaven', '12daniel' );
insert into PARTICIPATIONS values ( 'Gloomhaven', '29larry' );
insert into PARTICIPATIONS values ( 'Gloomhaven', '31frank' );
insert into PARTICIPATIONS values ( 'Gloomhaven', '4michael' );
insert into PARTICIPATIONS values ( 'Pandemic Legacy  1', '23kevin' );
insert into PARTICIPATIONS values ( 'Pandemic Legacy  1', '41walter' );
insert into PARTICIPATIONS values ( 'Pandemic Legacy  1', '49ryan' );
insert into PARTICIPATIONS values ( 'Pandemic Legacy  1', '43peter' );
insert into PARTICIPATIONS values ( 'Brass Birmingham', '37gregory' );
insert into PARTICIPATIONS values ( 'Brass Birmingham', '32scott' );
insert into PARTICIPATIONS values ( 'Brass Birmingham', '47carl' );
insert into PARTICIPATIONS values ( 'Brass Birmingham', '45douglas' );
insert into PARTICIPATIONS values ( 'Terraforming Mars', '39jerry' );
insert into PARTICIPATIONS values ( 'Terraforming Mars', '8charles' );
insert into PARTICIPATIONS values ( 'Terraforming Mars', '24jason' );
insert into PARTICIPATIONS values ( 'Terraforming Mars', '46henry' );
insert into PARTICIPATIONS values ( 'Terraforming Mars', '9joseph' );
insert into PARTICIPATIONS values ( 'Twilight Imperium Fourth Edition', '3robert' );
insert into PARTICIPATIONS values ( 'Twilight Imperium Fourth Edition', '50roger' );
insert into PARTICIPATIONS values ( 'Twilight Imperium Fourth Edition', '24jason' );
insert into PARTICIPATIONS values ( 'Twilight Imperium Fourth Edition', '39jerry' );
insert into PARTICIPATIONS values ( 'Twilight Imperium Fourth Edition', '26gary' );
insert into PARTICIPATIONS values ( 'Twilight Imperium Fourth Edition', '5william' );
insert into PARTICIPATIONS values ( 'Gloomhaven Jaws of the Lion', '10thomas' );
insert into PARTICIPATIONS values ( 'Gloomhaven Jaws of the Lion', '5william' );
insert into PARTICIPATIONS values ( 'Gloomhaven Jaws of the Lion', '15donald' );
insert into PARTICIPATIONS values ( 'Gloomhaven Jaws of the Lion', '24jason' );
insert into PARTICIPATIONS values ( 'Through the Ages A New Story of Civilization', '1james' );
insert into PARTICIPATIONS values ( 'Through the Ages A New Story of Civilization', '7richard' );
insert into PARTICIPATIONS values ( 'Through the Ages A New Story of Civilization', '30jeffrey' );
insert into PARTICIPATIONS values ( 'Through the Ages A New Story of Civilization', '19edward' );
insert into PARTICIPATIONS values ( 'Gaia Project', '11christopher' );
insert into PARTICIPATIONS values ( 'Gaia Project', '19edward' );
insert into PARTICIPATIONS values ( 'Gaia Project', '22anthony' );
insert into PARTICIPATIONS values ( 'Gaia Project', '50roger' );
insert into PARTICIPATIONS values ( 'Star Wars Rebellion', '40dennis' );
insert into PARTICIPATIONS values ( 'Star Wars Rebellion', '14mark' );
insert into PARTICIPATIONS values ( 'Star Wars Rebellion', '31frank' );
insert into PARTICIPATIONS values ( 'Star Wars Rebellion', '21ronald' );
insert into PARTICIPATIONS values ( 'Twilight Struggle', '6david' );
insert into PARTICIPATIONS values ( 'Twilight Struggle', '16george' );
insert into PARTICIPATIONS values ( 'Great Western Trail', '14mark' );
insert into PARTICIPATIONS values ( 'Great Western Trail', '46henry' );
insert into PARTICIPATIONS values ( 'Great Western Trail', '45douglas' );
insert into PARTICIPATIONS values ( 'Great Western Trail', '11christopher' );
insert into PARTICIPATIONS values ( 'War of the Ring Second Edition', '31frank' );
insert into PARTICIPATIONS values ( 'War of the Ring Second Edition', '24jason' );
insert into PARTICIPATIONS values ( 'War of the Ring Second Edition', '12daniel' );
insert into PARTICIPATIONS values ( 'War of the Ring Second Edition', '48arthur' );
insert into PARTICIPATIONS values ( 'Spirit Island', '47carl' );
insert into PARTICIPATIONS values ( 'Spirit Island', '9joseph' );
insert into PARTICIPATIONS values ( 'Spirit Island', '24jason' );
insert into PARTICIPATIONS values ( 'Spirit Island', '48arthur' );
insert into PARTICIPATIONS values ( 'Scythe', '26gary' );
insert into PARTICIPATIONS values ( 'Scythe', '10thomas' );
insert into PARTICIPATIONS values ( 'Scythe', '3robert' );
insert into PARTICIPATIONS values ( 'Scythe', '7richard' );
insert into PARTICIPATIONS values ( 'Scythe', '45douglas' );
insert into PARTICIPATIONS values ( 'The Castles of Burgundy', '45douglas' );
insert into PARTICIPATIONS values ( 'The Castles of Burgundy', '48arthur' );
insert into PARTICIPATIONS values ( 'The Castles of Burgundy', '4michael' );
insert into PARTICIPATIONS values ( 'The Castles of Burgundy', '21ronald' );
insert into PARTICIPATIONS values ( 'Terra Mystica', '37gregory' );
insert into PARTICIPATIONS values ( 'Terra Mystica', '18steven' );
insert into PARTICIPATIONS values ( 'Terra Mystica', '21ronald' );
insert into PARTICIPATIONS values ( 'Terra Mystica', '7richard' );
insert into PARTICIPATIONS values ( 'Terra Mystica', '9joseph' );
insert into PARTICIPATIONS values ( '7 Wonders Duel', '15donald' );
insert into PARTICIPATIONS values ( '7 Wonders Duel', '2john' );
insert into PARTICIPATIONS values ( 'Concordia', '33eric' );
insert into PARTICIPATIONS values ( 'Concordia', '2john' );
insert into PARTICIPATIONS values ( 'Concordia', '32scott' );
insert into PARTICIPATIONS values ( 'Concordia', '47carl' );
insert into PARTICIPATIONS values ( 'Concordia', '28jose' );
insert into PARTICIPATIONS values ( 'Brass Lancashire', '34stephen' );
insert into PARTICIPATIONS values ( 'Brass Lancashire', '40dennis' );
insert into PARTICIPATIONS values ( 'Brass Lancashire', '14mark' );
insert into PARTICIPATIONS values ( 'Brass Lancashire', '1james' );
insert into PARTICIPATIONS values ( 'Wingspan', '39jerry' );
insert into PARTICIPATIONS values ( 'Wingspan', '7richard' );
insert into PARTICIPATIONS values ( 'Wingspan', '30jeffrey' );
insert into PARTICIPATIONS values ( 'Wingspan', '23kevin' );
insert into PARTICIPATIONS values ( 'Wingspan', '47carl' );
insert into PARTICIPATIONS values ( 'A Feast for Odin', '5william' );
insert into PARTICIPATIONS values ( 'A Feast for Odin', '47carl' );
insert into PARTICIPATIONS values ( 'A Feast for Odin', '42patrick' );
insert into PARTICIPATIONS values ( 'A Feast for Odin', '25matthew' );
insert into PARTICIPATIONS values ( 'Arkham Horror The Card Game', '11christopher' );
insert into PARTICIPATIONS values ( 'Arkham Horror The Card Game', '7richard' );
insert into PARTICIPATIONS values ( 'Viticulture Essential Edition', '19edward' );
insert into PARTICIPATIONS values ( 'Viticulture Essential Edition', '24jason' );
insert into PARTICIPATIONS values ( 'Viticulture Essential Edition', '30jeffrey' );
insert into PARTICIPATIONS values ( 'Viticulture Essential Edition', '20brian' );
insert into PARTICIPATIONS values ( 'Viticulture Essential Edition', '27timothy' );
insert into PARTICIPATIONS values ( 'Viticulture Essential Edition', '32scott' );
insert into PARTICIPATIONS values ( 'Nemesis', '28jose' );
insert into PARTICIPATIONS values ( 'Nemesis', '45douglas' );
insert into PARTICIPATIONS values ( 'Nemesis', '3robert' );
insert into PARTICIPATIONS values ( 'Nemesis', '1james' );
insert into PARTICIPATIONS values ( 'Orléans', '47carl' );
insert into PARTICIPATIONS values ( 'Orléans', '13paul' );
insert into PARTICIPATIONS values ( 'Orléans', '8charles' );
insert into PARTICIPATIONS values ( 'Orléans', '4michael' );
insert into PARTICIPATIONS values ( 'Mage Knight Board Game', '18steven' );
insert into PARTICIPATIONS values ( 'Mage Knight Board Game', '24jason' );
insert into PARTICIPATIONS values ( 'Mage Knight Board Game', '21ronald' );
insert into PARTICIPATIONS values ( 'Mage Knight Board Game', '25matthew' );
insert into PARTICIPATIONS values ( 'Root', '49ryan' );
insert into PARTICIPATIONS values ( 'Root', '46henry' );
insert into PARTICIPATIONS values ( 'Root', '43peter' );
insert into PARTICIPATIONS values ( 'Root', '17kenneth' );
insert into PARTICIPATIONS values ( 'Puerto Rico', '45douglas' );
insert into PARTICIPATIONS values ( 'Puerto Rico', '4michael' );
insert into PARTICIPATIONS values ( 'Puerto Rico', '28jose' );
insert into PARTICIPATIONS values ( 'Puerto Rico', '27timothy' );
insert into PARTICIPATIONS values ( 'Puerto Rico', '26gary' );
insert into PARTICIPATIONS values ( 'Food Chain Magnate', '35andrew' );
insert into PARTICIPATIONS values ( 'Food Chain Magnate', '2john' );
insert into PARTICIPATIONS values ( 'Food Chain Magnate', '38joshua' );
insert into PARTICIPATIONS values ( 'Food Chain Magnate', '43peter' );
insert into PARTICIPATIONS values ( 'Food Chain Magnate', '32scott' );
insert into PARTICIPATIONS values ( 'Caverna The Cave Farmers', '47carl' );
insert into PARTICIPATIONS values ( 'Caverna The Cave Farmers', '29larry' );
insert into PARTICIPATIONS values ( 'Caverna The Cave Farmers', '9joseph' );
insert into PARTICIPATIONS values ( 'Caverna The Cave Farmers', '6david' );
insert into PARTICIPATIONS values ( 'Caverna The Cave Farmers', '48arthur' );
insert into PARTICIPATIONS values ( 'Caverna The Cave Farmers', '15donald' );
insert into PARTICIPATIONS values ( 'Agricola', '12daniel' );
insert into PARTICIPATIONS values ( 'Agricola', '2john' );
insert into PARTICIPATIONS values ( 'Agricola', '9joseph' );
insert into PARTICIPATIONS values ( 'Agricola', '25matthew' );
insert into PARTICIPATIONS values ( 'Agricola', '1james' );
insert into PARTICIPATIONS values ( 'Blood Rage', '43peter' );
insert into PARTICIPATIONS values ( 'Blood Rage', '40dennis' );
insert into PARTICIPATIONS values ( 'Blood Rage', '46henry' );
insert into PARTICIPATIONS values ( 'Blood Rage', '16george' );
insert into PARTICIPATIONS values ( 'Mansions of Madness Second Edition', '48arthur' );
insert into PARTICIPATIONS values ( 'Mansions of Madness Second Edition', '35andrew' );
insert into PARTICIPATIONS values ( 'Mansions of Madness Second Edition', '39jerry' );
insert into PARTICIPATIONS values ( 'Mansions of Madness Second Edition', '49ryan' );
insert into PARTICIPATIONS values ( 'Mansions of Madness Second Edition', '36raymond' );
insert into PARTICIPATIONS values ( 'The 7th Continent', '44harold' );
insert into PARTICIPATIONS values ( 'The 7th Continent', '25matthew' );
insert into PARTICIPATIONS values ( 'The 7th Continent', '48arthur' );
insert into PARTICIPATIONS values ( 'The 7th Continent', '18steven' );
insert into PARTICIPATIONS values ( 'Pandemic Legacy  2', '38joshua' );
insert into PARTICIPATIONS values ( 'Pandemic Legacy  2', '20brian' );
insert into PARTICIPATIONS values ( 'Pandemic Legacy  2', '33eric' );
insert into PARTICIPATIONS values ( 'Pandemic Legacy  2', '21ronald' );
insert into PARTICIPATIONS values ( 'Everdell', '36raymond' );
insert into PARTICIPATIONS values ( 'Everdell', '5william' );
insert into PARTICIPATIONS values ( 'Everdell', '12daniel' );
insert into PARTICIPATIONS values ( 'Everdell', '38joshua' );
insert into PARTICIPATIONS values ( 'Maracaibo', '9joseph' );
insert into PARTICIPATIONS values ( 'Maracaibo', '7richard' );
insert into PARTICIPATIONS values ( 'Maracaibo', '39jerry' );
insert into PARTICIPATIONS values ( 'Maracaibo', '26gary' );
insert into PARTICIPATIONS values ( 'Kingdom Death Monster', '40dennis' );
insert into PARTICIPATIONS values ( 'Kingdom Death Monster', '3robert' );
insert into PARTICIPATIONS values ( 'Kingdom Death Monster', '21ronald' );
insert into PARTICIPATIONS values ( 'Kingdom Death Monster', '32scott' );
insert into PARTICIPATIONS values ( 'Power Grid', '11christopher' );
insert into PARTICIPATIONS values ( 'Power Grid', '5william' );
insert into PARTICIPATIONS values ( 'Power Grid', '44harold' );
insert into PARTICIPATIONS values ( 'Power Grid', '49ryan' );
insert into PARTICIPATIONS values ( 'Power Grid', '18steven' );
insert into PARTICIPATIONS values ( 'Tzolk The Mayan Calendar', '31frank' );
insert into PARTICIPATIONS values ( 'Tzolk The Mayan Calendar', '4michael' );
insert into PARTICIPATIONS values ( 'Tzolk The Mayan Calendar', '49ryan' );
insert into PARTICIPATIONS values ( 'Tzolk The Mayan Calendar', '16george' );
insert into PARTICIPATIONS values ( 'The Crew The Quest for Planet Nine', '21ronald' );
insert into PARTICIPATIONS values ( 'The Crew The Quest for Planet Nine', '22anthony' );
insert into PARTICIPATIONS values ( 'The Crew The Quest for Planet Nine', '45douglas' );
insert into PARTICIPATIONS values ( 'The Crew The Quest for Planet Nine', '7richard' );
insert into PARTICIPATIONS values ( 'The Crew The Quest for Planet Nine', '24jason' );
insert into PARTICIPATIONS values ( 'Mechs vs. Minions', '21ronald' );
insert into PARTICIPATIONS values ( 'Mechs vs. Minions', '28jose' );
insert into PARTICIPATIONS values ( 'Mechs vs. Minions', '3robert' );
insert into PARTICIPATIONS values ( 'Mechs vs. Minions', '36raymond' );
insert into PARTICIPATIONS values ( 'Underwater Cities', '7richard' );
insert into PARTICIPATIONS values ( 'Underwater Cities', '2john' );
insert into PARTICIPATIONS values ( 'Underwater Cities', '30jeffrey' );
insert into PARTICIPATIONS values ( 'Underwater Cities', '29larry' );
insert into PARTICIPATIONS values ( 'Star Wars Imperial Assault', '34stephen' );
insert into PARTICIPATIONS values ( 'Star Wars Imperial Assault', '39jerry' );
insert into PARTICIPATIONS values ( 'Star Wars Imperial Assault', '20brian' );
insert into PARTICIPATIONS values ( 'Star Wars Imperial Assault', '28jose' );
insert into PARTICIPATIONS values ( 'Star Wars Imperial Assault', '16george' );
insert into PARTICIPATIONS values ( 'Clans of Caledonia', '47carl' );
insert into PARTICIPATIONS values ( 'Clans of Caledonia', '29larry' );
insert into PARTICIPATIONS values ( 'Clans of Caledonia', '23kevin' );
insert into PARTICIPATIONS values ( 'Clans of Caledonia', '44harold' );
insert into PARTICIPATIONS values ( 'Anachrony', '2john' );
insert into PARTICIPATIONS values ( 'Anachrony', '24jason' );
insert into PARTICIPATIONS values ( 'Anachrony', '20brian' );
insert into PARTICIPATIONS values ( 'Anachrony', '10thomas' );
insert into PARTICIPATIONS values ( 'Le Havre', '21ronald' );
insert into PARTICIPATIONS values ( 'Le Havre', '23kevin' );
insert into PARTICIPATIONS values ( 'Le Havre', '16george' );
insert into PARTICIPATIONS values ( 'Le Havre', '34stephen' );
insert into PARTICIPATIONS values ( 'Le Havre', '38joshua' );
insert into PARTICIPATIONS values ( 'Too Many Bones', '48arthur' );
insert into PARTICIPATIONS values ( 'Too Many Bones', '31frank' );
insert into PARTICIPATIONS values ( 'Too Many Bones', '6david' );
insert into PARTICIPATIONS values ( 'Too Many Bones', '32scott' );
insert into PARTICIPATIONS values ( 'Through the Ages A Story of Civilization', '25matthew' );
insert into PARTICIPATIONS values ( 'Through the Ages A Story of Civilization', '43peter' );
insert into PARTICIPATIONS values ( 'Through the Ages A Story of Civilization', '45douglas' );
insert into PARTICIPATIONS values ( 'Through the Ages A Story of Civilization', '28jose' );

-- JEUX_THEMES


insert into JEUX_THEMES values ( 'Gloomhaven', 'Antiquité') ;
insert into JEUX_THEMES values ( 'Pandemic Legacy  1', 'Espace') ;
insert into JEUX_THEMES values ( 'Brass Birmingham', 'Enquete') ;
insert into JEUX_THEMES values ( 'Terraforming Mars', 'Connaissances') ;
insert into JEUX_THEMES values ( 'Twilight Imperium Fourth Edition', 'Histoire') ;
insert into JEUX_THEMES values ( 'Gloomhaven Jaws of the Lion', 'Histoire') ;
insert into JEUX_THEMES values ( 'Through the Ages A New Story of Civilization', 'Aventure') ;
insert into JEUX_THEMES values ( 'Gaia Project', 'Abstrait') ;
insert into JEUX_THEMES values ( 'Star Wars Rebellion', 'Construction') ;
insert into JEUX_THEMES values ( 'Twilight Struggle', 'Antiquité ') ;
insert into JEUX_THEMES values ( 'Great Western Trail', 'Espace') ;
insert into JEUX_THEMES values ( 'War of the Ring Second Edition', 'Construction') ;
insert into JEUX_THEMES values ( 'Spirit Island', 'Enfant') ;
insert into JEUX_THEMES values ( 'Scythe', 'Aventure') ;
insert into JEUX_THEMES values ( 'The Castles of Burgundy', 'Survie') ;
insert into JEUX_THEMES values ( 'Terra Mystica', 'Connaissances') ;
insert into JEUX_THEMES values ( '7 Wonders Duel', 'Fantastique ') ;
insert into JEUX_THEMES values ( 'Concordia', 'Merveilleux') ;
insert into JEUX_THEMES values ( 'Brass Lancashire', 'Survie') ;
insert into JEUX_THEMES values ( 'Wingspan', 'Mytholoie') ;
insert into JEUX_THEMES values ( 'A Feast for Odin', 'Enquete') ;
insert into JEUX_THEMES values ( 'Arkham Horror The Card Game', 'Fantastique ') ;
insert into JEUX_THEMES values ( 'Viticulture Essential Edition', 'Antiquité ') ;
insert into JEUX_THEMES values ( 'Nemesis', 'Espace') ;
insert into JEUX_THEMES values ( 'Orléans', 'Survie') ;
insert into JEUX_THEMES values ( 'Mage Knight Board Game', 'Enquete') ;
insert into JEUX_THEMES values ( 'Root', 'Merveilleux') ;
insert into JEUX_THEMES values ( 'Puerto Rico', 'Connaissances') ;
insert into JEUX_THEMES values ( 'Food Chain Magnate', 'Enfant') ;
insert into JEUX_THEMES values ( 'Caverna The Cave Farmers', 'Mathematiques') ;
insert into JEUX_THEMES values ( 'Agricola', 'Enfant') ;
insert into JEUX_THEMES values ( 'Blood Rage', 'Connaissances') ;
insert into JEUX_THEMES values ( 'Mansions of Madness Second Edition', 'Mathematiques') ;
insert into JEUX_THEMES values ( 'The 7th Continent', 'Mytholoie') ;
insert into JEUX_THEMES values ( 'Pandemic Legacy  2', 'Abstrait') ;
insert into JEUX_THEMES values ( 'Everdell', 'Aventure') ;
insert into JEUX_THEMES values ( 'Maracaibo', 'Fantastique') ;
insert into JEUX_THEMES values ( 'Kingdom Death Monster', 'Abstrait') ;
insert into JEUX_THEMES values ( 'Power Grid', 'Construction') ;
insert into JEUX_THEMES values ( 'Tzolk The Mayan Calendar', 'Construction') ;
insert into JEUX_THEMES values ( 'The Crew The Quest for Planet Nine', 'Mathematiques') ;
insert into JEUX_THEMES values ( 'Mechs vs. Minions', 'Antiquité') ;
insert into JEUX_THEMES values ( 'Underwater Cities', 'Aventure') ;
insert into JEUX_THEMES values ( 'Star Wars Imperial Assault', 'Merveilleux') ;
insert into JEUX_THEMES values ( 'Clans of Caledonia', 'Mytholoie') ;
insert into JEUX_THEMES values ( 'Anachrony', 'Abstrait') ;
insert into JEUX_THEMES values ( 'Le Havre', 'Enfant') ;
insert into JEUX_THEMES values ( 'Too Many Bones', 'Fantastique') ;
insert into JEUX_THEMES values ( 'Through the Ages A Story of Civilization', 'Histoire') ;
insert into JEUX_THEMES values ( 'Azul', 'Enquete') ;

-- ============================================================
--    creation des donnees
-- ============================================================

-- JEUX_MECANIQUES

insert into JEUX_MECANIQUES values ( 'Gloomhaven', 'Bluff') ;
insert into JEUX_MECANIQUES values ( 'Pandemic Legacy  1', 'Course') ;
insert into JEUX_MECANIQUES values ( 'Brass Birmingham', 'Connection') ;
insert into JEUX_MECANIQUES values ( 'Terraforming Mars', 'Combinaison') ;
insert into JEUX_MECANIQUES values ( 'Twilight Imperium Fourth Edition', 'Enigmes') ;
insert into JEUX_MECANIQUES values ( 'Gloomhaven Jaws of the Lion', 'Pari') ;
insert into JEUX_MECANIQUES values ( 'Through the Ages A New Story of Civilization', 'Déduction') ;
insert into JEUX_MECANIQUES values ( 'Gaia Project', 'Majorité') ;
insert into JEUX_MECANIQUES values ( 'Star Wars Rebellion', 'Deck-building') ;
insert into JEUX_MECANIQUES values ( 'Twilight Struggle', 'Draft') ;
insert into JEUX_MECANIQUES values ( 'Great Western Trail', 'Bluff') ;
insert into JEUX_MECANIQUES values ( 'War of the Ring Second Edition', 'Course') ;
insert into JEUX_MECANIQUES values ( 'Spirit Island', 'Connection') ;
insert into JEUX_MECANIQUES values ( 'Scythe', 'Guess') ;   
insert into JEUX_MECANIQUES values ( 'The Castles of Burgundy', 'Combinaison') ;
insert into JEUX_MECANIQUES values ( 'Terra Mystica', 'Enigmes') ;
insert into JEUX_MECANIQUES values ( '7 Wonders Duel', 'Pari') ;
insert into JEUX_MECANIQUES values ( 'Concordia', 'Déduction') ;
insert into JEUX_MECANIQUES values ( 'Brass Lancashire', 'Enchères') ;
insert into JEUX_MECANIQUES values ( 'Wingspan', 'Majorité ') ;
insert into JEUX_MECANIQUES values ( 'A Feast for Odin', 'Deck-building ') ;
insert into JEUX_MECANIQUES values ( 'Arkham Horror The Card Game', 'Draft') ;
insert into JEUX_MECANIQUES values ( 'Viticulture Essential Edition', 'Bluff') ;
insert into JEUX_MECANIQUES values ( 'Nemesis', 'Course') ;
insert into JEUX_MECANIQUES values ( 'Orléans', 'Pari') ;
insert into JEUX_MECANIQUES values ( 'Mage Knight Board Game', 'Déduction') ;
insert into JEUX_MECANIQUES values ( 'Root', 'Enchères') ;
insert into JEUX_MECANIQUES values ( 'Puerto Rico', 'Majorité ') ;
insert into JEUX_MECANIQUES values ( 'Food Chain Magnate', 'Draft') ;
insert into JEUX_MECANIQUES values ( 'Caverna The Cave Farmers', 'Bluff') ;
insert into JEUX_MECANIQUES values ( 'Agricola', 'Course') ;
insert into JEUX_MECANIQUES values ( 'Blood Rage', 'Connection') ;
insert into JEUX_MECANIQUES values ( 'Mansions of Madness Second Edition', 'Guess') ;
insert into JEUX_MECANIQUES values ( 'The 7th Continent', 'Combinaison') ;
insert into JEUX_MECANIQUES values ( 'Pandemic Legacy  2', 'Enigmes') ;
insert into JEUX_MECANIQUES values ( 'Everdell', 'Pari') ;
insert into JEUX_MECANIQUES values ( 'Maracaibo', 'Déduction') ;
insert into JEUX_MECANIQUES values ( 'Kingdom Death Monster', 'Enchères') ;
insert into JEUX_MECANIQUES values ( 'Power Grid', 'Majorité ') ;
insert into JEUX_MECANIQUES values ( 'Tzolk The Mayan Calendar', 'Deck-building ') ;
insert into JEUX_MECANIQUES values ( 'The Crew The Quest for Planet Nine', 'Draft') ;
insert into JEUX_MECANIQUES values ( 'Mechs vs. Minions', 'Bluff') ;
insert into JEUX_MECANIQUES values ( 'Underwater Cities', 'Connection') ;
insert into JEUX_MECANIQUES values ( 'Star Wars Imperial Assault', 'Guess') ;
insert into JEUX_MECANIQUES values ( 'Clans of Caledonia', 'Combinaison') ;
insert into JEUX_MECANIQUES values ( 'Anachrony', 'Enigmes') ;
insert into JEUX_MECANIQUES values ( 'Le Havre', 'Déduction') ;
insert into JEUX_MECANIQUES values ( 'Too Many Bones', 'Enchères') ;
insert into JEUX_MECANIQUES values ( 'Through the Ages A Story of Civilization', 'Majorité ') ;
insert into JEUX_MECANIQUES values ( 'Azul', 'Deck-building ') ;

-- ============================================================
--    creation des donnees
-- ============================================================

-- JOUEURS_THEMES

insert into JOUEURS_THEMES values ( '11christopher', 'Mytholoie') ;
insert into JOUEURS_THEMES values ( '12daniel', 'Construction') ;
insert into JOUEURS_THEMES values ( '13paul', 'Fantastique') ;
insert into JOUEURS_THEMES values ( '14mark', 'Connaissances') ;
insert into JOUEURS_THEMES values ( '15donald', 'Antiquité ') ;
insert into JOUEURS_THEMES values ( '16george', 'Antiquité ') ;
insert into JOUEURS_THEMES values ( '17kenneth', 'Fantastique ') ;
insert into JOUEURS_THEMES values ( '18steven', 'Enfant') ;
insert into JOUEURS_THEMES values ( '19edward', 'Merveilleux') ;
insert into JOUEURS_THEMES values ( '20brian', 'Connaissances') ;
insert into JOUEURS_THEMES values ( '35andrew', 'Survie') ;
insert into JOUEURS_THEMES values ( '36raymond', 'Histoire') ;
insert into JOUEURS_THEMES values ( '37gregory', 'Fantastique ') ;
insert into JOUEURS_THEMES values ( '38joshua', 'Mathematiques') ;
insert into JOUEURS_THEMES values ( '39jerry', 'Enquete') ;
insert into JOUEURS_THEMES values ( '40dennis', 'Abstrait') ;
insert into JOUEURS_THEMES values ( '41walter', 'Aventure') ;
insert into JOUEURS_THEMES values ( '42patrick', 'Histoire') ;
insert into JOUEURS_THEMES values ( '43peter', 'Construction') ;
insert into JOUEURS_THEMES values ( '49ryan', 'Espace') ;
insert into JOUEURS_THEMES values ( '50roger', 'Histoire') ;
insert into JOUEURS_THEMES values ( '7richard', 'Aventure') ;
insert into JOUEURS_THEMES values ( '8charles', 'Survie') ;
insert into JOUEURS_THEMES values ( '9joseph', 'Enfant') ;
insert into JOUEURS_THEMES values ( '10thomas', 'Antiquité ') ;
insert into JOUEURS_THEMES values ( '11christopher', 'Espace') ;
insert into JOUEURS_THEMES values ( '12daniel', 'Mytholoie') ;
insert into JOUEURS_THEMES values ( '13paul', 'Aventure') ;
insert into JOUEURS_THEMES values ( '16george', 'Fantastique ') ;
insert into JOUEURS_THEMES values ( '17kenneth', 'Merveilleux') ;
insert into JOUEURS_THEMES values ( '18steven', 'Fantastique') ;
insert into JOUEURS_THEMES values ( '19edward', 'Antiquité') ;
insert into JOUEURS_THEMES values ( '20brian', 'Mathematiques');
insert into JOUEURS_THEMES values ( '36raymond', 'Abstrait') ;
insert into JOUEURS_THEMES values ( '37gregory', 'Construction') ;
insert into JOUEURS_THEMES values ( '38joshua', 'Enfant') ;
insert into JOUEURS_THEMES values ( '40dennis', 'Construction') ;
insert into JOUEURS_THEMES values ( '41walter', 'Enquete') ;
insert into JOUEURS_THEMES values ( '42patrick', 'Construction') ;
insert into JOUEURS_THEMES values ( '43peter', 'Enfant') ;
insert into JOUEURS_THEMES values ( '1james', 'Histoire') ;
insert into JOUEURS_THEMES values ( '2john', 'Histoire') ;
insert into JOUEURS_THEMES values ( '3robert', 'Espace') ;
insert into JOUEURS_THEMES values ( '4michael', 'Abstrait') ;
insert into JOUEURS_THEMES values ( '5william', 'Espace') ;
insert into JOUEURS_THEMES values ( '14mark', 'Antiquité ') ;
insert into JOUEURS_THEMES values ( '15donald', 'Connaissances') ;


-- ============================================================
--    creation des donnees
-- ============================================================

-- JOUEURS_MECANIQUES


insert into JOUEURS_MECANIQUES values ( '9joseph','Deck-building ') ;
insert into JOUEURS_MECANIQUES values ( '10thomas','Course') ;
insert into JOUEURS_MECANIQUES values ( '11christopher','Combinaison') ;
insert into JOUEURS_MECANIQUES values ( '12daniel','Enigmes') ;
insert into JOUEURS_MECANIQUES values ( '13paul','Bluff') ;
insert into JOUEURS_MECANIQUES values ( '14mark','Connection') ;
insert into JOUEURS_MECANIQUES values ( '15donald','Majorité ') ;
insert into JOUEURS_MECANIQUES values ( '16george','Guess') ;
insert into JOUEURS_MECANIQUES values ( '17kenneth','Draft') ;
insert into JOUEURS_MECANIQUES values ( '18steven','Deck-building ') ;
insert into JOUEURS_MECANIQUES values ( '19edward','Majorité ') ;
insert into JOUEURS_MECANIQUES values ( '20brian','Guess') ;
insert into JOUEURS_MECANIQUES values ( '21ronald','Déduction') ;
insert into JOUEURS_MECANIQUES values ( '22anthony','Connection') ;
insert into JOUEURS_MECANIQUES values ( '38joshua','Combinaison') ;
insert into JOUEURS_MECANIQUES values ( '39jerry','Pari') ;
insert into JOUEURS_MECANIQUES values ( '40dennis','Enchères') ;
insert into JOUEURS_MECANIQUES values ( '41walter','Pari') ;
insert into JOUEURS_MECANIQUES values ( '42patrick','Combinaison') ;
insert into JOUEURS_MECANIQUES values ( '43peter','Majorité ') ;
insert into JOUEURS_MECANIQUES values ( '44harold','Déduction') ;
insert into JOUEURS_MECANIQUES values ( '45douglas','Draft') ;
insert into JOUEURS_MECANIQUES values ( '46henry','Course') ;
insert into JOUEURS_MECANIQUES values ( '47carl','Pari') ;
insert into JOUEURS_MECANIQUES values ( '48arthur','Guess') ;
insert into JOUEURS_MECANIQUES values ( '49ryan','Majorité ') ;
insert into JOUEURS_MECANIQUES values ( '50roger','Majorité') ;
insert into JOUEURS_MECANIQUES values ( '1james','Draft') ;
insert into JOUEURS_MECANIQUES values ( '2john','Guess') ;
insert into JOUEURS_MECANIQUES values ( '3robert','Course') ;
insert into JOUEURS_MECANIQUES values ( '4michael','Majorité ') ;
insert into JOUEURS_MECANIQUES values ( '5william','Deck-building ') ;
insert into JOUEURS_MECANIQUES values ( '6david','Déduction') ;
insert into JOUEURS_MECANIQUES values ( '7richard','Course') ;
insert into JOUEURS_MECANIQUES values ( '42patrick','Deck-building ') ;
insert into JOUEURS_MECANIQUES values ( '43peter','Deck-building ') ;
insert into JOUEURS_MECANIQUES values ( '44harold','Draft') ;
insert into JOUEURS_MECANIQUES values ( '45douglas','Bluff') ;
insert into JOUEURS_MECANIQUES values ( '46henry','Connection') ;
insert into JOUEURS_MECANIQUES values ( '47carl','Enigmes') ;
insert into JOUEURS_MECANIQUES values ( '48arthur','Combinaison') ;
insert into JOUEURS_MECANIQUES values ( '49ryan','Connection') ;
insert into JOUEURS_MECANIQUES values ( '50roger','Guess') ;
insert into JOUEURS_MECANIQUES values ( '12daniel','Combinaison') ;
insert into JOUEURS_MECANIQUES values ( '13paul','Draft') ;
insert into JOUEURS_MECANIQUES values ( '14mark','Deck-building ') ;
insert into JOUEURS_MECANIQUES values ( '15donald','Draft') ;
insert into JOUEURS_MECANIQUES values ( '16george','Enigmes') ;
insert into JOUEURS_MECANIQUES values ( '17kenneth','Déduction') ;
insert into JOUEURS_MECANIQUES values ( '18steven','Pari') ;
insert into JOUEURS_MECANIQUES values ( '20brian','Enigmes') ;
insert into JOUEURS_MECANIQUES values ( '21ronald','Draft') ;
insert into JOUEURS_MECANIQUES values ( '22anthony','Enigmes') ;
insert into JOUEURS_MECANIQUES values ( '23kevin','Bluff') ;
insert into JOUEURS_MECANIQUES values ( '24jason','Pari') ;
insert into JOUEURS_MECANIQUES values ( '25matthew','Déduction') ;
insert into JOUEURS_MECANIQUES values ( '26gary','Connection') ;

