-- ============================================================
--    creation des donnees
-- ============================================================

-- JOUEURS
insert into JOUEURS values ( '1james', 'H', 'james', 'h1@gmail.com') ;
insert into JOUEURS values ( '2john', 'JOHNSON', 'john', 'johnson2@gmail.com') ;
insert into JOUEURS values ( '3robert', 'WILLIAMS', 'robert', 'williams3@gmail.com') ;
insert into JOUEURS values ( '4michael', 'JONES', 'michael', 'jones4@gmail.com') ;
insert into JOUEURS values ( '5william', 'BROWN', 'william', 'brown5@gmail.com') ;
insert into JOUEURS values ( '6david', 'DAVIS', 'david', 'davis6@gmail.com') ;
insert into JOUEURS values ( '7richard', 'MILLER', 'richard', 'miller7@gmail.com') ;
insert into JOUEURS values ( '8charles', 'WILSON', 'charles', 'wilson8@gmail.com') ;
insert into JOUEURS values ( '9joseph', 'MOORE', 'joseph', 'moore9@gmail.com') ;
insert into JOUEURS values ( '10thomas', 'TAYLOR', 'thomas', 'taylor10@gmail.com') ;
insert into JOUEURS values ( '11christopher', 'ANDERSON', 'christopher', 'anderson11@gmail.com') ;
insert into JOUEURS values ( '12daniel', 'THOMAS', 'daniel', 'thomas12@gmail.com') ;
insert into JOUEURS values ( '13paul', 'JACKSON', 'paul', 'jackson13@gmail.com') ;
insert into JOUEURS values ( '14mark', 'WHITE', 'mark', 'white14@gmail.com') ;
insert into JOUEURS values ( '15donald', 'HARRIS', 'donald', 'harris15@gmail.com') ;
insert into JOUEURS values ( '16george', 'MARTIN', 'george', 'martin16@gmail.com') ;
insert into JOUEURS values ( '17kenneth', 'THOMPSON', 'kenneth', 'thompson17@gmail.com') ;
insert into JOUEURS values ( '18steven', 'GARCIA', 'steven', 'garcia18@gmail.com') ;
insert into JOUEURS values ( '19edward', 'MARTINEZ', 'edward', 'martinez19@gmail.com') ;
insert into JOUEURS values ( '20brian', 'ROBINSON', 'brian', 'robinson20@gmail.com') ;
insert into JOUEURS values ( '21ronald', 'CLARK', 'ronald', 'clark21@gmail.com') ;
insert into JOUEURS values ( '22anthony', 'RODRIGUEZ', 'anthony', 'rodriguez22@gmail.com') ;
insert into JOUEURS values ( '23kevin', 'LEWIS', 'kevin', 'lewis23@gmail.com') ;
insert into JOUEURS values ( '24jason', 'LEE', 'jason', 'lee24@gmail.com') ;
insert into JOUEURS values ( '25matthew', 'WALKER', 'matthew', 'walker25@gmail.com') ;
insert into JOUEURS values ( '26gary', 'HALL', 'gary', 'hall26@gmail.com') ;
insert into JOUEURS values ( '27timothy', 'ALLEN', 'timothy', 'allen27@gmail.com') ;
insert into JOUEURS values ( '28jose', 'YOUNG', 'jose', 'young28@gmail.com') ;
insert into JOUEURS values ( '29larry', 'HERNANDEZ', 'larry', 'hernandez29@gmail.com') ;
insert into JOUEURS values ( '30jeffrey', 'KING', 'jeffrey', 'king30@gmail.com') ;
insert into JOUEURS values ( '31frank', 'WRIGHT', 'frank', 'wright31@gmail.com') ;
insert into JOUEURS values ( '32scott', 'LOPEZ', 'scott', 'lopez32@gmail.com') ;
insert into JOUEURS values ( '33eric', 'HILL', 'eric', 'hill33@gmail.com') ;
insert into JOUEURS values ( '34stephen', 'SCOTT', 'stephen', 'scott34@gmail.com') ;
insert into JOUEURS values ( '35andrew', 'GREEN', 'andrew', 'green35@gmail.com') ;
insert into JOUEURS values ( '36raymond', 'ADAMS', 'raymond', 'adams36@gmail.com') ;
insert into JOUEURS values ( '37gregory', 'BAKER', 'gregory', 'baker37@gmail.com') ;
insert into JOUEURS values ( '38joshua', 'GONZALEZ', 'joshua', 'gonzalez38@gmail.com') ;
insert into JOUEURS values ( '39jerry', 'NELSON', 'jerry', 'nelson39@gmail.com') ;
insert into JOUEURS values ( '40dennis', 'CARTER', 'dennis', 'carter40@gmail.com') ;
insert into JOUEURS values ( '41walter', 'MITCHELL', 'walter', 'mitchell41@gmail.com') ;
insert into JOUEURS values ( '42patrick', 'PEREZ', 'patrick', 'perez42@gmail.com') ;
insert into JOUEURS values ( '43peter', 'ROBERTS', 'peter', 'roberts43@gmail.com') ;
insert into JOUEURS values ( '44harold', 'TURNER', 'harold', 'turner44@gmail.com') ;
insert into JOUEURS values ( '45douglas', 'PHILLIPS', 'douglas', 'phillips45@gmail.com') ;
insert into JOUEURS values ( '46henry', 'CAMPBELL', 'henry', 'campbell46@gmail.com') ;
insert into JOUEURS values ( '47carl', 'PARKER', 'carl', 'parker47@gmail.com') ;
insert into JOUEURS values ( '48arthur', 'EVANS', 'arthur', 'evans48@gmail.com') ;
insert into JOUEURS values ( '49ryan', 'EDWARDS', 'ryan', 'edwards49@gmail.com') ;
insert into JOUEURS values ( '50roger', 'COLLINS', 'roger', 'collins50@gmail.com') ;

-- ============================================================
--    creation des donnees
-- ============================================================

-- NOTES
insert into NOTES values ( 1, 'It is time to watch TV.', 10-6-2004, 14, 26, 'Gloomhaven', 33eric) ;
insert into NOTES values ( 2, 'I do not like rain.', 7-7-2005, 17, 5, 'Pandemic Legacy: Season 1', 5william) ;
insert into NOTES values ( 3, 'Donuts with cream are nasty.', 15-2-2002, 8, 3, 'Brass: Birmingham', 46henry) ;
insert into NOTES values ( 4, 'I told Tom I whould try to find a bigger vase.', 6-12-2005, 7, 25, 'Terraforming Mars', 34stephen) ;
insert into NOTES values ( 5, 'He is the person to see.', 3-8-2005, 19, 16, 'Twilight Imperium: Fourth Edition', 7richard) ;
insert into NOTES values ( 6, 'She attended kindergarten in 2013.', 18-5-2014, 11, 12, 'Gloomhaven: Jaws of the Lion', 26gary) ;
insert into NOTES values ( 7, 'We took refuge behind a tree.', 3-2-2017, 7, 9, 'Through the Ages: A New Story of Civilization', 41walter) ;
insert into NOTES values ( 8, 'I made some eggs.', 8-12-2015, 12, 12, 'Gaia Project', 8charles) ;
insert into NOTES values ( 9, 'The broken leg isn not Tom`s biggest problem.', 5-12-2009, 15, 8, 'Star Wars: Rebellion', 36raymond) ;
insert into NOTES values ( 10, 'Those apples are very red.', 11-10-2009, 15, 17, 'Twilight Struggle', 16george) ;
insert into NOTES values ( 11, 'Taking chances can be risky.', 3-9-2018, 19, 10, 'Great Western Trail', 23kevin) ;
insert into NOTES values ( 12, 'I do love my new pets.', 8-12-2020, 2, 3, 'War of the Ring: Second Edition', 35andrew) ;
insert into NOTES values ( 13, 'everything is so expensive.', 19-5-2013, 3, 4, 'Spirit Island', 38joshua) ;
insert into NOTES values ( 14, 'The giant worm terrified him.', 20-6-2007, 16, 9, 'Scythe', 1james) ;
insert into NOTES values ( 15, 'Tom has always had a big crush on you.', 3-2-2005, 9, 7, 'The Castles of Burgundy', 14mark) ;
insert into NOTES values ( 16, 'I am one of his fiercest critics.', 18-6-2004, 8, 21, 'Terra Mystica', 20brian) ;
insert into NOTES values ( 17, 'I do not think I liked the movie.', 13-1-2010, 1, 24, '7 Wonders Duel', 49ryan) ;
insert into NOTES values ( 18, 'Hairless cats look demonic.', 14-8-2020, 11, 14, 'Concordia', 9joseph) ;
insert into NOTES values ( 19, 'These sunglasses are too shiny.', 4-2-2021, 20, 18, 'Brass: Lancashire', 48arthur) ;
insert into NOTES values ( 20, 'I am dreaming of a better world.', 15-8-2004, 11, 3, 'Wingspan', 27timothy) ;
insert into NOTES values ( 21, 'Italians eat a large meal twice a day.', 19-7-2013, 12, 9, 'A Feast for Odin', 32scott) ;
insert into NOTES values ( 22, 'Plenty of sleep is healthful.', 15-5-2002, 19, 7, 'Arkham Horror: The Card Game', 13paul) ;
insert into NOTES values ( 23, 'These dogs are so sweet.', 13-5-2001, 3, 5, 'Viticulture Essential Edition', 19edward) ;
insert into NOTES values ( 24, 'This should not be a big deal.', 16-4-2014, 14, 6, 'Nemesis', 17kenneth) ;
insert into NOTES values ( 25, 'I want to plug my ears.', 20-7-2018, 12, 2, 'Orléans', 30jeffrey) ;
insert into NOTES values ( 26, 'I want to have a pink bed this year.', 8-10-2015, 14, 3, 'Mage Knight Board Game', 37gregory) ;
insert into NOTES values ( 27, 'I think I should shoot him.', 16-1-2004, 20, 3, 'Root', 25matthew) ;
insert into NOTES values ( 28, 'The planet had not yet been discovered.', 10-9-2011, 4, 27, 'Puerto Rico', 22anthony) ;
insert into NOTES values ( 29, 'A yardstick is 3 feet long.', 12-3-2010, 3, 5, 'Food Chain Magnate', 3robert) ;
insert into NOTES values ( 30, 'The earth goes round the sun.', 6-6-2022, 7, 3, 'Caverna: The Cave Farmers', 6david) ;
insert into NOTES values ( 31, 'Bad news travels fast.', 6-5-2021, 18, 15, 'Agricola', 24jason) ;
insert into NOTES values ( 32, 'I will see you tonight at eight.', 1-3-2020, 6, 23, 'Blood Rage', 47carl) ;
insert into NOTES values ( 33, 'I like asparagus and brussel sprouts.', 14-6-2017, 12, 13, 'Mansions of Madness: Second Edition', 44harold) ;
insert into NOTES values ( 34, 'He is whistling at the car.', 14-6-2005, 9, 3, 'The 7th Continent', 39jerry) ;
insert into NOTES values ( 35, 'There are so many sandwiches on the table.', 11-6-2006, 0, 19, 'Pandemic Legacy: Season 2', 31frank) ;
insert into NOTES values ( 36, 'She wished she could speak Italian.', 14-3-2009, 7, 29, 'Everdell', 2john) ;
insert into NOTES values ( 37, 'I am having his baby.', 1-3-2012, 10, 27, 'Maracaibo', 18steven) ;
insert into NOTES values ( 38, 'When I was young, I played the guitar.', 5-1-2006, 12, 22, 'Kingdom Death: Monster', 10thomas) ;
insert into NOTES values ( 39, 'She had never appreciated radio news shows.', 3-3-2014, 7, 25, 'Power Grid', 50roger) ;
insert into NOTES values ( 40, 'Actions speak louder than words.', 11-4-2011, 18, 28, 'Tzolk: The Mayan Calendar', 11christopher) ;
insert into NOTES values ( 41, 'He was trained to do this.', 16-2-2007, 13, 10, 'The Crew: The Quest for Planet Nine', 15donald) ;
insert into NOTES values ( 42, 'He opens the door.', 5-10-2012, 10, 5, 'Mechs vs. Minions', 40dennis) ;
insert into NOTES values ( 43, 'You can bring it back if you do not like it.', 15-6-2022, 0, 12, 'Underwater Cities', 4michael) ;
insert into NOTES values ( 44, 'Tom is really tall.', 14-8-2002, 14, 12, 'Star Wars: Imperial Assault', 43peter) ;
insert into NOTES values ( 45, 'he is easily offended.', 18-9-2015, 5, 24, 'Clans of Caledonia', 28jose) ;
insert into NOTES values ( 46, 'He drives more carefully than you do.', 19-4-2002, 7, 19, 'Anachrony', 42patrick) ;
insert into NOTES values ( 47, 'Welcome to the big leagues.', 5-3-2020, 0, 16, 'Le Havre', 12daniel) ;
insert into NOTES values ( 48, 'He said the telegram had arrived at noon.', 13-2-2015, 13, 14, 'Too Many Bones', 21ronald) ;
insert into NOTES values ( 49, 'Rosa likes tea better than coffee.', 17-5-2005, 14, 27, 'Through the Ages: A Story of Civilization', 29larry) ;
insert into NOTES values ( 50, 'He found my lecture very interesting.', 18-9-2005, 8, 2, 'Azul', 45douglas) ;
insert into NOTES values ( 51, 'It’s time to watch TV.', 16-4-2018, 1, 13, 'Gloomhaven', 33eric) ;
insert into NOTES values ( 52, 'I do not like rain.', 8-2-2015, 9, 21, 'Pandemic Legacy: Season 1', 5william) ;
insert into NOTES values ( 53, 'Donuts with cream are nasty.', 20-11-2021, 20, 13, 'Brass: Birmingham', 46henry) ;
insert into NOTES values ( 54, 'I told Tom I had try to find a bigger vase.', 5-2-2018, 16, 1, 'Terraforming Mars', 34stephen) ;
insert into NOTES values ( 55, 'He is the person to see.', 18-8-2017, 6, 12, 'Twilight Imperium: Fourth Edition', 7richard) ;
insert into NOTES values ( 56, 'She attended kindergarten in 2013.', 9-4-2021, 2, 7, 'Gloomhaven: Jaws of the Lion', 26gary) ;
insert into NOTES values ( 57, 'We took refuge behind a tree.', 11-6-2016, 15, 28, 'Through the Ages: A New Story of Civilization', 41walter) ;
insert into NOTES values ( 58, 'I made some eggs.', 19-8-2014, 18, 2, 'Gaia Project', 8charles) ;
insert into NOTES values ( 59, 'The broken leg isn't Tom's biggest problem.', 15-3-2001, 3, 13, 'Star Wars: Rebellion', 36raymond) ;
insert into NOTES values ( 60, 'Those apples are very red.', 6-3-2022, 4, 5, 'Twilight Struggle', 16george) ;
insert into NOTES values ( 61, 'Taking chances can be risky.', 12-3-2006, 2, 17, 'Great Western Trail', 23kevin) ;
insert into NOTES values ( 62, 'I do love my new pets.', 18-2-2003, 1, 29, 'War of the Ring: Second Edition', 35andrew) ;
insert into NOTES values ( 63, 'everything is so expensive.', 18-11-2003, 8, 20, 'Spirit Island', 38joshua) ;
insert into NOTES values ( 64, 'The giant worm terrified him.', 20-9-2005, 5, 16, 'Scythe', 1james) ;
insert into NOTES values ( 65, 'Tom has always had a big crush on you.', 17-3-2011, 9, 21, 'The Castles of Burgundy', 14mark) ;
insert into NOTES values ( 66, 'I am one of his fiercest critics.', 16-1-2009, 1, 20, 'Terra Mystica', 20brian) ;
insert into NOTES values ( 67, 'I do not think I liked the movie.', 8-4-2002, 5, 18, '7 Wonders Duel', 49ryan) ;
insert into NOTES values ( 68, 'Hairless cats look demonic.', 4-2-2021, 15, 24, 'Concordia', 9joseph) ;
insert into NOTES values ( 69, 'These sunglasses are too shiny.', 18-9-2000, 9, 16, 'Brass: Lancashire', 48arthur) ;
insert into NOTES values ( 70, 'I am dreaming of a better world.', 11-3-2018, 3, 4, 'Wingspan', 27timothy) ;
insert into NOTES values ( 71, 'Italians eat a large meal twice a day.', 6-9-2016, 3, 10, 'A Feast for Odin', 32scott) ;
insert into NOTES values ( 72, 'Plenty of sleep is healthful.', 20-7-2012, 7, 1, 'Arkham Horror: The Card Game', 13paul) ;
insert into NOTES values ( 73, 'These dogs are so sweet.', 8-4-2019, 7, 11, 'Viticulture Essential Edition', 19edward) ;
insert into NOTES values ( 74, 'This should not be a big deal.', 16-2-2003, 14, 11, 'Nemesis', 17kenneth) ;
insert into NOTES values ( 75, 'I want to plug my ears.', 10-10-2013, 17, 18, 'Orléans', 30jeffrey) ;
insert into NOTES values ( 76, 'I want to have a pink bed this year.', 4-5-2009, 10, 25, 'Mage Knight Board Game', 37gregory) ;
insert into NOTES values ( 77, 'I think I should shoot him.', 15-12-2021, 2, 5, 'Root', 25matthew) ;
insert into NOTES values ( 78, 'The planet had not yet been discovered.', 3-10-2008, 3, 25, 'Puerto Rico', 22anthony) ;
insert into NOTES values ( 79, 'A yardstick is 3 feet long.', 11-11-2012, 13, 9, 'Food Chain Magnate', 3robert) ;
insert into NOTES values ( 80, 'The earth goes round the sun.', 10-3-2021, 13, 9, 'Caverna: The Cave Farmers', 6david) ;
insert into NOTES values ( 81, 'Bad news travels fast.', 2-7-2015, 8, 19, 'Agricola', 24jason) ;
insert into NOTES values ( 82, 'I will see you tonight at eight.', 15-6-2001, 20, 8, 'Blood Rage', 47carl) ;
insert into NOTES values ( 83, 'I like asparagus and brussel sprouts.', 17-8-2010, 6, 13, 'Mansions of Madness: Second Edition', 44harold) ;
insert into NOTES values ( 84, 'He is whistling at the car.', 21-2-2005, 15, 14, 'The 7th Continent', 39jerry) ;
insert into NOTES values ( 85, 'There are so many sandwiches on the table.', 18-7-2018, 8, 14, 'Pandemic Legacy: Season 2', 31frank) ;
insert into NOTES values ( 86, 'She wished she could speak Italian.', 6-8-2003, 8, 25, 'Everdell', 2john) ;
insert into NOTES values ( 87, 'I am having his baby.', 6-5-2014, 9, 25, 'Maracaibo', 18steven) ;
insert into NOTES values ( 88, 'When I was young, I played the guitar.', 6-5-2019, 11, 14, 'Kingdom Death: Monster', 10thomas) ;
insert into NOTES values ( 89, 'She had never appreciated radio news shows.', 4-11-2008, 7, 23, 'Power Grid', 50roger) ;
insert into NOTES values ( 90, 'Actions speak louder than words.', 18-2-2011, 12, 16, 'Tzolk: The Mayan Calendar', 11christopher) ;
insert into NOTES values ( 91, 'He was trained to do this.', 21-7-2013, 12, 22, 'The Crew: The Quest for Planet Nine', 15donald) ;
insert into NOTES values ( 92, 'He opens the door.', 14-8-2018, 0, 27, 'Mechs vs. Minions', 40dennis) ;
insert into NOTES values ( 93, 'You can bring it back if you do no  t like it.', 14-12-2022, 4, 16, 'Underwater Cities', 4michael) ;
insert into NOTES values ( 94, 'Tom is really tall.', 16-9-2016, 14, 30, 'Star Wars: Imperial Assault', 43peter) ;
insert into NOTES values ( 95, 'he is easily offended.', 13-8-2015, 16, 17, 'Clans of Caledonia', 28jose) ;
insert into NOTES values ( 96, 'He drives more carefully than you do.', 10-9-2022, 7, 8, 'Anachrony', 42patrick) ;
insert into NOTES values ( 97, 'Welcome to the big leagues.', 12-9-2006, 4, 17, 'Le Havre', 12daniel) ;
insert into NOTES values ( 98, 'He said the telegram had arrived at noon.', 21-8-2000, 2, 14, 'Too Many Bones', 21ronald) ;
insert into NOTES values ( 99, 'Rosa likes tea better than coffee.', 7-6-2019, 0, 17, 'Through the Ages: A Story of Civilization', 29larry) ;
insert into NOTES values ( 100, 'He found my lecture very interesting.', 2-3-2017, 1, 11, 'Azul', 45douglas) ;

-- ============================================================
--    creation des donnees
-- ============================================================

-- THEME
insert into THEMES values ( 'Abstrait' ) ;
insert into THEMES values ( 'Antiquité' ) ;
insert into THEMES values ( 'Aventure' ) ;
insert into THEMES values ( 'Connaissances' ) ;
insert into THEMES values ( 'Construction' ) ;
insert into THEMES values ( 'Enfant' ) ;
insert into THEMES values ( 'Enquete' ) ;
insert into THEMES values ( 'Espace' ) ;
insert into THEMES values ( 'Fanstastique' ) ;
insert into THEMES values ( 'Histoire' ) ;
insert into THEMES values ( 'Mathematiques' ) ;
insert into THEMES values ( 'Merveilleux' ) ;
insert into THEMES values ( 'Mytholoie' ) ;
insert into THEMES values ( 'Survie' ) ;

-- ============================================================
--    creation des donnees
-- ============================================================

-- MECANISMES

insert into MECANIQUES values ( 'Bluff' ) ;
insert into MECANIQUES values ( 'Course' ) ;
insert into MECANIQUES values ( 'Connection' ) ;
insert into MECANIQUES values ( 'Combinaison' ) ;
insert into MECANIQUES values ( 'Enigmes' ) ;
insert into MECANIQUES values ( 'Pari' ) ;
insert into MECANIQUES values ( 'Déduction' ) ;
insert into MECANIQUES values ( 'Majorité' ) ;
insert into MECANIQUES values ( 'Deck-building' ) ;
insert into MECANIQUES values ( 'Draft' ) ;

-- ============================================================
--    creation des donnees
-- ============================================================

-- JEUX_THEMES


insert into JEUX_THEMES values ( 'Gloomhaven', 'Antiquité ') ;
insert into JEUX_THEMES values ( 'Pandemic Legacy: Season 1', 'Espace') ;
insert into JEUX_THEMES values ( 'Brass: Birmingham', 'Enquete') ;
insert into JEUX_THEMES values ( 'Terraforming Mars', 'Connaissances') ;
insert into JEUX_THEMES values ( 'Twilight Imperium: Fourth Edition', 'Histoire') ;
insert into JEUX_THEMES values ( 'Gloomhaven: Jaws of the Lion', 'Histoire') ;
insert into JEUX_THEMES values ( 'Through the Ages: A New Story of Civilization', 'Aventure') ;
insert into JEUX_THEMES values ( 'Gaia Project', 'Abstrait') ;
insert into JEUX_THEMES values ( 'Star Wars: Rebellion', 'Construction') ;
insert into JEUX_THEMES values ( 'Twilight Struggle', 'Antiquité ') ;
insert into JEUX_THEMES values ( 'Great Western Trail', 'Espace') ;
insert into JEUX_THEMES values ( 'War of the Ring: Second Edition', 'Construction') ;
insert into JEUX_THEMES values ( 'Spirit Island', 'Enfant') ;
insert into JEUX_THEMES values ( 'Scythe', 'Aventure') ;
insert into JEUX_THEMES values ( 'The Castles of Burgundy', 'Survie') ;
insert into JEUX_THEMES values ( 'Terra Mystica', 'Connaissances') ;
insert into JEUX_THEMES values ( '7 Wonders Duel', 'Fanstastique ') ;
insert into JEUX_THEMES values ( 'Concordia', 'Merveilleux') ;
insert into JEUX_THEMES values ( 'Brass: Lancashire', 'Survie') ;
insert into JEUX_THEMES values ( 'Wingspan', 'Mytholoie') ;
insert into JEUX_THEMES values ( 'A Feast for Odin', 'Enquete') ;
insert into JEUX_THEMES values ( 'Arkham Horror: The Card Game', 'Fanstastique ') ;
insert into JEUX_THEMES values ( 'Viticulture Essential Edition', 'Antiquité ') ;
insert into JEUX_THEMES values ( 'Nemesis', 'Espace') ;
insert into JEUX_THEMES values ( 'Orléans', 'Survie') ;
insert into JEUX_THEMES values ( 'Mage Knight Board Game', 'Enquete') ;
insert into JEUX_THEMES values ( 'Root', 'Merveilleux') ;
insert into JEUX_THEMES values ( 'Puerto Rico', 'Connaissances') ;
insert into JEUX_THEMES values ( 'Food Chain Magnate', 'Enfant') ;
insert into JEUX_THEMES values ( 'Caverna: The Cave Farmers', 'Mathematiques') ;
insert into JEUX_THEMES values ( 'Agricola', 'Enfant') ;
insert into JEUX_THEMES values ( 'Blood Rage', 'Connaissances') ;
insert into JEUX_THEMES values ( 'Mansions of Madness: Second Edition', 'Mathematiques') ;
insert into JEUX_THEMES values ( 'The 7th Continent', 'Mytholoie') ;
insert into JEUX_THEMES values ( 'Pandemic Legacy: Season 2', 'Abstrait') ;
insert into JEUX_THEMES values ( 'Everdell', 'Aventure') ;
insert into JEUX_THEMES values ( 'Maracaibo', 'Fantastique') ;
insert into JEUX_THEMES values ( 'Kingdom Death: Monster', 'Abstrait') ;
insert into JEUX_THEMES values ( 'Power Grid', 'Construction') ;
insert into JEUX_THEMES values ( 'Tzolk: The Mayan Calendar', 'Construction') ;
insert into JEUX_THEMES values ( 'The Crew: The Quest for Planet Nine', 'Mathematiques') ;
insert into JEUX_THEMES values ( 'Mechs vs. Minions', 'Antiquité') ;
insert into JEUX_THEMES values ( 'Underwater Cities', 'Aventure') ;
insert into JEUX_THEMES values ( 'Star Wars: Imperial Assault', 'Merveilleux') ;
insert into JEUX_THEMES values ( 'Clans of Caledonia', 'Mytholoie') ;
insert into JEUX_THEMES values ( 'Anachrony', 'Abstrait') ;
insert into JEUX_THEMES values ( 'Le Havre', 'Enfant') ;
insert into JEUX_THEMES values ( 'Too Many Bones', 'Fanstastique') ;
insert into JEUX_THEMES values ( 'Through the Ages: A Story of Civilization', 'Histoire') ;
insert into JEUX_THEMES values ( 'Azul', 'Enquete') ;

-- ============================================================
--    creation des donnees
-- ============================================================

-- JEUX_MECANIQUES

insert into JEUX_MECANIQUES values ( 'Gloomhaven', 'Bluff') ;
insert into JEUX_MECANIQUES values ( 'Pandemic Legacy: Season 1', 'Course') ;
insert into JEUX_MECANIQUES values ( 'Brass: Birmingham', 'Connection') ;
insert into JEUX_MECANIQUES values ( 'Terraforming Mars', 'Combinaison') ;
insert into JEUX_MECANIQUES values ( 'Twilight Imperium: Fourth Edition', 'Enigmes') ;
insert into JEUX_MECANIQUES values ( 'Gloomhaven: Jaws of the Lion', 'Pari') ;
insert into JEUX_MECANIQUES values ( 'Through the Ages: A New Story of Civilization', 'Déduction') ;
insert into JEUX_MECANIQUES values ( 'Gaia Project', 'Majorité') ;
insert into JEUX_MECANIQUES values ( 'Star Wars: Rebellion', 'Deck-building') ;
insert into JEUX_MECANIQUES values ( 'Twilight Struggle', 'Draft') ;
insert into JEUX_MECANIQUES values ( 'Great Western Trail', 'Bluff') ;
insert into JEUX_MECANIQUES values ( 'War of the Ring: Second Edition', 'Course') ;
insert into JEUX_MECANIQUES values ( 'Spirit Island', 'Connection') ;
insert into JEUX_MECANIQUES values ( 'Scythe', 'Guess') ;
insert into JEUX_MECANIQUES values ( 'The Castles of Burgundy', 'Combinaison') ;
insert into JEUX_MECANIQUES values ( 'Terra Mystica', 'Enigmes') ;
insert into JEUX_MECANIQUES values ( '7 Wonders Duel', 'Pari') ;
insert into JEUX_MECANIQUES values ( 'Concordia', 'Déduction') ;
insert into JEUX_MECANIQUES values ( 'Brass: Lancashire', 'Enchères') ;
insert into JEUX_MECANIQUES values ( 'Wingspan', 'Majorité ') ;
insert into JEUX_MECANIQUES values ( 'A Feast for Odin', 'Deck-building ') ;
insert into JEUX_MECANIQUES values ( 'Arkham Horror: The Card Game', 'Draft') ;
insert into JEUX_MECANIQUES values ( 'Viticulture Essential Edition', 'Bluff') ;
insert into JEUX_MECANIQUES values ( 'Nemesis', 'Course') ;
insert into JEUX_MECANIQUES values ( 'Orléans', 'Pari') ;
insert into JEUX_MECANIQUES values ( 'Mage Knight Board Game', 'Déduction') ;
insert into JEUX_MECANIQUES values ( 'Root', 'Enchères') ;
insert into JEUX_MECANIQUES values ( 'Puerto Rico', 'Majorité ') ;
insert into JEUX_MECANIQUES values ( 'Food Chain Magnate', 'Draft') ;
insert into JEUX_MECANIQUES values ( 'Caverna: The Cave Farmers', 'Bluff') ;
insert into JEUX_MECANIQUES values ( 'Agricola', 'Course') ;
insert into JEUX_MECANIQUES values ( 'Blood Rage', 'Connection') ;
insert into JEUX_MECANIQUES values ( 'Mansions of Madness: Second Edition', 'Guess') ;
insert into JEUX_MECANIQUES values ( 'The 7th Continent', 'Combinaison') ;
insert into JEUX_MECANIQUES values ( 'Pandemic Legacy: Season 2', 'Enigmes') ;
insert into JEUX_MECANIQUES values ( 'Everdell', 'Pari') ;
insert into JEUX_MECANIQUES values ( 'Maracaibo', 'Déduction') ;
insert into JEUX_MECANIQUES values ( 'Kingdom Death: Monster', 'Enchères') ;
insert into JEUX_MECANIQUES values ( 'Power Grid', 'Majorité ') ;
insert into JEUX_MECANIQUES values ( 'Tzolk: The Mayan Calendar', 'Deck-building ') ;
insert into JEUX_MECANIQUES values ( 'The Crew: The Quest for Planet Nine', 'Draft') ;
insert into JEUX_MECANIQUES values ( 'Mechs vs. Minions', 'Bluff') ;
insert into JEUX_MECANIQUES values ( 'Underwater Cities', 'Connection') ;
insert into JEUX_MECANIQUES values ( 'Star Wars: Imperial Assault', 'Guess') ;
insert into JEUX_MECANIQUES values ( 'Clans of Caledonia', 'Combinaison') ;
insert into JEUX_MECANIQUES values ( 'Anachrony', 'Enigmes') ;
insert into JEUX_MECANIQUES values ( 'Le Havre', 'Déduction') ;
insert into JEUX_MECANIQUES values ( 'Too Many Bones', 'Enchères') ;
insert into JEUX_MECANIQUES values ( 'Through the Ages: A Story of Civilization', 'Majorité ') ;
insert into JEUX_MECANIQUES values ( 'Azul', 'Deck-building ') ;

-- ============================================================
--    creation des donnees
-- ============================================================

-- JOUEURS_THEMES

insert into JOUEURS_THEMES values ( '11christopher', 'Mytholoie') ;
insert into JOUEURS_THEMES values ( '12daniel', 'Construction') ;
insert into JOUEURS_THEMES values ( '13paul', 'Fanstastique') ;
insert into JOUEURS_THEMES values ( '14mark', 'Connaissances') ;
insert into JOUEURS_THEMES values ( '15donald', 'Antiquité ') ;
insert into JOUEURS_THEMES values ( '16george', 'Antiquité ') ;
insert into JOUEURS_THEMES values ( '17kenneth', 'Fanstastique ') ;
insert into JOUEURS_THEMES values ( '18steven', 'Enfant') ;
insert into JOUEURS_THEMES values ( '19edward', 'Merveilleux') ;
insert into JOUEURS_THEMES values ( '20brian', 'Connaissances') ;
insert into JOUEURS_THEMES values ( '35andrew', 'Survie') ;
insert into JOUEURS_THEMES values ( '36raymond', 'Histoire') ;
insert into JOUEURS_THEMES values ( '37gregory', 'Fanstastique ') ;
insert into JOUEURS_THEMES values ( '38joshua', 'Mathematiques') ;
insert into JOUEURS_THEMES values ( '39jerry', 'Enquete') ;
insert into JOUEURS_THEMES values ( '40dennis', 'Abstrait') ;
insert into JOUEURS_THEMES values ( '41walter', 'Aventure') ;
insert into JOUEURS_THEMES values ( '42patrick', 'Histoire') ;
insert into JOUEURS_THEMES values ( '43peter', 'Construction') ;
insert into JOUEURS_THEMES values ( '49ryan', 'Espace') ;
insert into JOUEURS_THEMES values ( '50roger', 'Histoire') ;
insert into JOUEURS_THEMES values ( '7richard', 'Aventure') ;
insert into JOUEURS_THEMES values ( '8charles', 'Survie') ;
insert into JOUEURS_THEMES values ( '9joseph', 'Enfant') ;
insert into JOUEURS_THEMES values ( '10thomas', 'Antiquité ') ;
insert into JOUEURS_THEMES values ( '11christopher', 'Espace') ;
insert into JOUEURS_THEMES values ( '12daniel', 'Mytholoie') ;
insert into JOUEURS_THEMES values ( '13paul', 'Aventure') ;
insert into JOUEURS_THEMES values ( '14mark', 'Antiquité ') ;
insert into JOUEURS_THEMES values ( '15donald', 'Connaissances') ;
insert into JOUEURS_THEMES values ( '16george', 'Fanstastique ') ;
insert into JOUEURS_THEMES values ( '17kenneth', 'Merveilleux') ;
insert into JOUEURS_THEMES values ( '18steven', 'Fanstastique') ;
insert into JOUEURS_THEMES values ( '19edward', 'Antiquité') ;
insert into JOUEURS_THEMES values ( '20brian', 'Mathematiques');
insert into JOUEURS_THEMES values ( '36raymond', 'Abstrait') ;
insert into JOUEURS_THEMES values ( '37gregory', 'Construction') ;
insert into JOUEURS_THEMES values ( '38joshua', 'Enfant') ;
insert into JOUEURS_THEMES values ( '39jerry', 'Enquete') ;
insert into JOUEURS_THEMES values ( '40dennis', 'Construction') ;
insert into JOUEURS_THEMES values ( '41walter', 'Enquete') ;
insert into JOUEURS_THEMES values ( '42patrick', 'Construction') ;
insert into JOUEURS_THEMES values ( '43peter', 'Enfant') ;
insert into JOUEURS_THEMES values ( '1james', 'Histoire') ;
insert into JOUEURS_THEMES values ( '2john', 'Histoire') ;
insert into JOUEURS_THEMES values ( '3robert', 'Espace') ;
insert into JOUEURS_THEMES values ( '4michael', 'Abstrait') ;
insert into JOUEURS_THEMES values ( '5william', 'Espace') ;
insert into JOUEURS_THEMES values ( '14mark', 'Antiquité ') ;
insert into JOUEURS_THEMES values ( '15donald', 'Connaissances') ;


-- ============================================================
--    creation des donnees
-- ============================================================

-- JOUEURS_MECANIQUES


insert into JOUEURS_MECANIQUES values ( '9joseph','Deck-building ') ;
insert into JOUEURS_MECANIQUES values ( '10thomas','Course') ;
insert into JOUEURS_MECANIQUES values ( '11christopher','Combinaison') ;
insert into JOUEURS_MECANIQUES values ( '12daniel','Enigmes') ;
insert into JOUEURS_MECANIQUES values ( '13paul','Bluff') ;
insert into JOUEURS_MECANIQUES values ( '14mark','Connection') ;
insert into JOUEURS_MECANIQUES values ( '15donald','Majorité ') ;
insert into JOUEURS_MECANIQUES values ( '16george','Guess') ;
insert into JOUEURS_MECANIQUES values ( '17kenneth','Draft') ;
insert into JOUEURS_MECANIQUES values ( '18steven','Deck-building ') ;
insert into JOUEURS_MECANIQUES values ( '19edward','Majorité ') ;
insert into JOUEURS_MECANIQUES values ( '20brian','Guess') ;
insert into JOUEURS_MECANIQUES values ( '21ronald','Déduction') ;
insert into JOUEURS_MECANIQUES values ( '22anthony','Connection') ;
insert into JOUEURS_MECANIQUES values ( '38joshua','Combinaison') ;
insert into JOUEURS_MECANIQUES values ( '39jerry','Pari') ;
insert into JOUEURS_MECANIQUES values ( '40dennis','Enchères') ;
insert into JOUEURS_MECANIQUES values ( '41walter','Pari') ;
insert into JOUEURS_MECANIQUES values ( '42patrick','Combinaison') ;
insert into JOUEURS_MECANIQUES values ( '43peter','Majorité ') ;
insert into JOUEURS_MECANIQUES values ( '44harold','Déduction') ;
insert into JOUEURS_MECANIQUES values ( '45douglas','Draft') ;
insert into JOUEURS_MECANIQUES values ( '46henry','Course') ;
insert into JOUEURS_MECANIQUES values ( '47carl','Pari') ;
insert into JOUEURS_MECANIQUES values ( '48arthur','Guess') ;
insert into JOUEURS_MECANIQUES values ( '49ryan','Majorité ') ;
insert into JOUEURS_MECANIQUES values ( '50roger','Majorité') ;
insert into JOUEURS_MECANIQUES values ( '1james','Draft') ;
insert into JOUEURS_MECANIQUES values ( '2john','Guess') ;
insert into JOUEURS_MECANIQUES values ( '3robert','Course') ;
insert into JOUEURS_MECANIQUES values ( '4michael','Majorité ') ;
insert into JOUEURS_MECANIQUES values ( '5william','Deck-building ') ;
insert into JOUEURS_MECANIQUES values ( '6david','Déduction') ;
insert into JOUEURS_MECANIQUES values ( '7richard','Course') ;
insert into JOUEURS_MECANIQUES values ( '42patrick','Deck-building ') ;
insert into JOUEURS_MECANIQUES values ( '43peter','Deck-building ') ;
insert into JOUEURS_MECANIQUES values ( '44harold','Draft') ;
insert into JOUEURS_MECANIQUES values ( '45douglas','Bluff') ;
insert into JOUEURS_MECANIQUES values ( '46henry','Connection') ;
insert into JOUEURS_MECANIQUES values ( '47carl','Enigmes') ;
insert into JOUEURS_MECANIQUES values ( '48arthur','Combinaison') ;
insert into JOUEURS_MECANIQUES values ( '49ryan','Connection') ;
insert into JOUEURS_MECANIQUES values ( '50roger','Guess') ;
insert into JOUEURS_MECANIQUES values ( '12daniel','Combinaison') ;
insert into JOUEURS_MECANIQUES values ( '13paul','Draft') ;
insert into JOUEURS_MECANIQUES values ( '14mark','Deck-building ') ;
insert into JOUEURS_MECANIQUES values ( '15donald','Draft') ;
insert into JOUEURS_MECANIQUES values ( '16george','Enigmes') ;
insert into JOUEURS_MECANIQUES values ( '17kenneth','Déduction') ;
insert into JOUEURS_MECANIQUES values ( '18steven','Pari') ;
insert into JOUEURS_MECANIQUES values ( '19edward','Majorité ') ;
insert into JOUEURS_MECANIQUES values ( '20brian','Enigmes') ;
insert into JOUEURS_MECANIQUES values ( '21ronald','Draft') ;
insert into JOUEURS_MECANIQUES values ( '22anthony','Enigmes') ;
insert into JOUEURS_MECANIQUES values ( '23kevin','Bluff') ;
insert into JOUEURS_MECANIQUES values ( '24jason','Pari') ;
insert into JOUEURS_MECANIQUES values ( '25matthew','Déduction') ;
insert into JOUEURS_MECANIQUES values ( '26gary','Connection') ;

